0,1,2,3,4,5,6,7,8,9,10,11,12,13,14,15,16,17,18
202012220BRK,2020-21,December,22,2020,wiggian01,curryst01,oubreke01,wisemja01,pascher01,irvinky01,duranke01,harrijo01,dinwisp01,jordade01,12:00.0,Jump ball: J. Wiseman vs. D. Jordan (J. Harris gains possession),,
202012220BRK,2020-21,December,22,2020,wiggian01,curryst01,oubreke01,wisemja01,pascher01,irvinky01,duranke01,harrijo01,dinwisp01,jordade01,11:50.0, , ,0-0
202012220BRK,2020-21,December,22,2020,wiggian01,curryst01,oubreke01,wisemja01,pascher01,irvinky01,duranke01,harrijo01,dinwisp01,jordade01,11:38.0,Shooting foul by K. Irving (drawn by S. Curry), ,0-0
202012220BRK,2020-21,December,22,2020,wiggian01,curryst01,oubreke01,wisemja01,pascher01,irvinky01,duranke01,harrijo01,dinwisp01,jordade01,11:38.0,S. Curry makes free throw 1 of 2,+1,1-0
202012220BRK,2020-21,December,22,2020,wiggian01,curryst01,oubreke01,wisemja01,pascher01,irvinky01,duranke01,harrijo01,dinwisp01,jordade01,11:38.0,S. Curry makes free throw 2 of 2,+1,2-0
202012220BRK,2020-21,December,22,2020,wiggian01,curryst01,oubreke01,wisemja01,pascher01,irvinky01,duranke01,harrijo01,dinwisp01,jordade01,11:22.0, , ,2-2
202012220BRK,2020-21,December,22,2020,wiggian01,curryst01,oubreke01,wisemja01,pascher01,irvinky01,duranke01,harrijo01,dinwisp01,jordade01,11:11.0,J. Wiseman makes 2-pt dunk from 1 ft (assist by A. Wiggins),+2,4-2
202012220BRK,2020-21,December,22,2020,wiggian01,curryst01,oubreke01,wisemja01,pascher01,irvinky01,duranke01,harrijo01,dinwisp01,jordade01,10:49.0, , ,4-5
202012220BRK,2020-21,December,22,2020,wiggian01,curryst01,oubreke01,wisemja01,pascher01,irvinky01,duranke01,harrijo01,dinwisp01,jordade01,10:31.0,A. Wiggins misses 3-pt jump shot from 24 ft, ,4-5
202012220BRK,2020-21,December,22,2020,wiggian01,curryst01,oubreke01,wisemja01,pascher01,irvinky01,duranke01,harrijo01,dinwisp01,jordade01,10:25.0, , ,4-5
202012220BRK,2020-21,December,22,2020,wiggian01,curryst01,oubreke01,wisemja01,pascher01,irvinky01,duranke01,harrijo01,dinwisp01,jordade01,10:23.0, , ,4-7
202012220BRK,2020-21,December,22,2020,wiggian01,curryst01,oubreke01,wisemja01,pascher01,irvinky01,duranke01,harrijo01,dinwisp01,jordade01,10:16.0,S. Curry misses 3-pt jump shot from 27 ft, ,4-7
202012220BRK,2020-21,December,22,2020,wiggian01,curryst01,oubreke01,wisemja01,pascher01,irvinky01,duranke01,harrijo01,dinwisp01,jordade01,10:16.0, , ,4-7
202012220BRK,2020-21,December,22,2020,wiggian01,curryst01,oubreke01,wisemja01,pascher01,irvinky01,duranke01,harrijo01,dinwisp01,jordade01,10:09.0, , ,4-10
202012220BRK,2020-21,December,22,2020,wiggian01,curryst01,oubreke01,wisemja01,pascher01,irvinky01,duranke01,harrijo01,dinwisp01,jordade01,9:57.0,A. Wiggins misses 3-pt jump shot from 24 ft, ,4-10
202012220BRK,2020-21,December,22,2020,wiggian01,curryst01,oubreke01,wisemja01,pascher01,irvinky01,duranke01,harrijo01,dinwisp01,jordade01,9:51.0, , ,4-10
202012220BRK,2020-21,December,22,2020,wiggian01,curryst01,oubreke01,wisemja01,pascher01,irvinky01,duranke01,harrijo01,dinwisp01,jordade01,9:49.0, , ,4-10
202012220BRK,2020-21,December,22,2020,wiggian01,curryst01,oubreke01,wisemja01,pascher01,irvinky01,duranke01,harrijo01,dinwisp01,jordade01,9:44.0,Defensive rebound by K. Oubre, ,4-10
202012220BRK,2020-21,December,22,2020,wiggian01,curryst01,oubreke01,wisemja01,pascher01,irvinky01,duranke01,harrijo01,dinwisp01,jordade01,9:38.0,S. Curry makes 2-pt layup from 4 ft (assist by K. Oubre),+2,6-10
202012220BRK,2020-21,December,22,2020,wiggian01,curryst01,oubreke01,wisemja01,pascher01,irvinky01,duranke01,harrijo01,dinwisp01,jordade01,9:30.0, , ,6-10
202012220BRK,2020-21,December,22,2020,wiggian01,curryst01,oubreke01,wisemja01,pascher01,irvinky01,duranke01,harrijo01,dinwisp01,jordade01,9:25.0,Defensive rebound by J. Wiseman, ,6-10
202012220BRK,2020-21,December,22,2020,wiggian01,curryst01,oubreke01,wisemja01,pascher01,irvinky01,duranke01,harrijo01,dinwisp01,jordade01,9:18.0,J. Wiseman misses 2-pt jump shot from 22 ft, ,6-10
202012220BRK,2020-21,December,22,2020,wiggian01,curryst01,oubreke01,wisemja01,pascher01,irvinky01,duranke01,harrijo01,dinwisp01,jordade01,9:14.0, , ,6-10
202012220BRK,2020-21,December,22,2020,wiggian01,curryst01,oubreke01,wisemja01,pascher01,irvinky01,duranke01,harrijo01,dinwisp01,jordade01,9:10.0, , ,6-10
202012220BRK,2020-21,December,22,2020,wiggian01,curryst01,oubreke01,wisemja01,pascher01,irvinky01,duranke01,harrijo01,dinwisp01,jordade01,9:07.0,Defensive rebound by J. Wiseman, ,6-10
202012220BRK,2020-21,December,22,2020,wiggian01,curryst01,oubreke01,wisemja01,pascher01,irvinky01,duranke01,harrijo01,dinwisp01,jordade01,9:01.0,E. Paschall misses 2-pt jump shot from 17 ft, ,6-10
202012220BRK,2020-21,December,22,2020,wiggian01,curryst01,oubreke01,wisemja01,pascher01,irvinky01,duranke01,harrijo01,dinwisp01,jordade01,8:56.0, , ,6-10
202012220BRK,2020-21,December,22,2020,wiggian01,curryst01,oubreke01,wisemja01,pascher01,irvinky01,duranke01,harrijo01,dinwisp01,jordade01,8:46.0, , ,6-12
202012220BRK,2020-21,December,22,2020,wiggian01,curryst01,oubreke01,wisemja01,pascher01,irvinky01,duranke01,harrijo01,dinwisp01,jordade01,8:46.0, , ,6-12
202012220BRK,2020-21,December,22,2020,wiggian01,curryst01,oubreke01,wisemja01,pascher01,irvinky01,duranke01,harrijo01,dinwisp01,jordade01,8:46.0, , ,6-13
202012220BRK,2020-21,December,22,2020,wiggian01,curryst01,oubreke01,wisemja01,pascher01,irvinky01,duranke01,harrijo01,dinwisp01,jordade01,8:30.0,Shooting foul by D. Jordan (drawn by A. Wiggins), ,6-13
202012220BRK,2020-21,December,22,2020,wiggian01,curryst01,oubreke01,wisemja01,pascher01,irvinky01,duranke01,harrijo01,dinwisp01,jordade01,8:30.0,A. Wiggins makes free throw 1 of 2,+1,7-13
202012220BRK,2020-21,December,22,2020,wiggian01,curryst01,oubreke01,wisemja01,pascher01,irvinky01,duranke01,harrijo01,dinwisp01,jordade01,8:30.0,A. Wiggins makes free throw 2 of 2,+1,8-13
202012220BRK,2020-21,December,22,2020,wiggian01,curryst01,oubreke01,wisemja01,pascher01,irvinky01,duranke01,harrijo01,dinwisp01,jordade01,8:18.0, , ,8-13
202012220BRK,2020-21,December,22,2020,wiggian01,curryst01,oubreke01,wisemja01,pascher01,irvinky01,duranke01,harrijo01,dinwisp01,jordade01,8:16.0, , ,8-13
202012220BRK,2020-21,December,22,2020,wiggian01,curryst01,oubreke01,wisemja01,pascher01,irvinky01,duranke01,harrijo01,dinwisp01,jordade01,8:14.0, , ,8-13
202012220BRK,2020-21,December,22,2020,wiggian01,curryst01,oubreke01,wisemja01,pascher01,irvinky01,duranke01,harrijo01,dinwisp01,jordade01,8:09.0, , ,8-13
202012220BRK,2020-21,December,22,2020,wiggian01,curryst01,oubreke01,wisemja01,pascher01,irvinky01,duranke01,harrijo01,dinwisp01,jordade01,8:07.0, , ,8-16
202012220BRK,2020-21,December,22,2020,wiggian01,curryst01,oubreke01,wisemja01,pascher01,irvinky01,duranke01,harrijo01,dinwisp01,jordade01,7:57.0,Offensive foul by K. Oubre (drawn by J. Harris), ,8-16
202012220BRK,2020-21,December,22,2020,wiggian01,curryst01,oubreke01,wisemja01,pascher01,irvinky01,duranke01,harrijo01,dinwisp01,jordade01,7:57.0,Turnover by K. Oubre (offensive foul), ,8-16
202012220BRK,2020-21,December,22,2020,wiggian01,curryst01,oubreke01,wisemja01,pascher01,irvinky01,duranke01,harrijo01,dinwisp01,jordade01,7:47.0, , ,8-16
202012220BRK,2020-21,December,22,2020,wiggian01,curryst01,oubreke01,wisemja01,pascher01,irvinky01,duranke01,harrijo01,dinwisp01,jordade01,7:44.0,Defensive rebound by J. Wiseman, ,8-16
202012220BRK,2020-21,December,22,2020,wiggian01,curryst01,oubreke01,wisemja01,pascher01,irvinky01,duranke01,harrijo01,dinwisp01,jordade01,7:32.0,A. Wiggins misses 2-pt layup from 2 ft, ,8-16
202012220BRK,2020-21,December,22,2020,wiggian01,curryst01,oubreke01,wisemja01,pascher01,irvinky01,duranke01,harrijo01,dinwisp01,jordade01,7:28.0, , ,8-16
202012220BRK,2020-21,December,22,2020,wiggian01,curryst01,oubreke01,wisemja01,pascher01,irvinky01,duranke01,harrijo01,dinwisp01,jordade01,7:20.0, , ,8-18
202012220BRK,2020-21,December,22,2020,wiggian01,curryst01,oubreke01,wisemja01,pascher01,irvinky01,duranke01,harrijo01,dinwisp01,jordade01,7:20.0,Golden State full timeout, ,8-18
202012220BRK,2020-21,December,22,2020,wiggian01,curryst01,oubreke01,wisemja01,pascher01,irvinky01,duranke01,harrijo01,dinwisp01,jordade01,7:20.0,K. Looney enters the game for J. Wiseman, ,8-18
202012220BRK,2020-21,December,22,2020,wiggian01,curryst01,oubreke01,wisemja01,pascher01,irvinky01,duranke01,harrijo01,dinwisp01,jordade01,7:06.0,E. Paschall misses 2-pt layup from 3 ft (block by D. Jordan), ,8-18
202012220BRK,2020-21,December,22,2020,wiggian01,curryst01,oubreke01,wisemja01,pascher01,irvinky01,duranke01,harrijo01,dinwisp01,jordade01,7:01.0, , ,8-18
202012220BRK,2020-21,December,22,2020,wiggian01,curryst01,oubreke01,wisemja01,pascher01,irvinky01,duranke01,harrijo01,dinwisp01,jordade01,6:58.0, , ,8-20
202012220BRK,2020-21,December,22,2020,wiggian01,curryst01,oubreke01,wisemja01,pascher01,irvinky01,duranke01,harrijo01,dinwisp01,jordade01,6:41.0,K. Oubre misses 3-pt jump shot from 23 ft, ,8-20
202012220BRK,2020-21,December,22,2020,wiggian01,curryst01,oubreke01,wisemja01,pascher01,irvinky01,duranke01,harrijo01,dinwisp01,jordade01,6:40.0,Offensive rebound by E. Paschall, ,8-20
202012220BRK,2020-21,December,22,2020,wiggian01,curryst01,oubreke01,wisemja01,pascher01,irvinky01,duranke01,harrijo01,dinwisp01,jordade01,6:40.0,Shooting foul by K. Irving (drawn by E. Paschall), ,8-20
202012220BRK,2020-21,December,22,2020,wiggian01,curryst01,oubreke01,wisemja01,pascher01,irvinky01,duranke01,harrijo01,dinwisp01,jordade01,6:40.0,E. Paschall misses free throw 1 of 2, ,8-20
202012220BRK,2020-21,December,22,2020,wiggian01,curryst01,oubreke01,wisemja01,pascher01,irvinky01,duranke01,harrijo01,dinwisp01,jordade01,6:40.0,Offensive rebound by Team, ,8-20
202012220BRK,2020-21,December,22,2020,wiggian01,curryst01,oubreke01,wisemja01,pascher01,irvinky01,duranke01,harrijo01,dinwisp01,jordade01,6:40.0,E. Paschall makes free throw 2 of 2,+1,9-20
202012220BRK,2020-21,December,22,2020,wiggian01,curryst01,oubreke01,wisemja01,pascher01,irvinky01,duranke01,harrijo01,dinwisp01,jordade01,6:23.0, , ,9-23
202012220BRK,2020-21,December,22,2020,wiggian01,curryst01,oubreke01,wisemja01,pascher01,irvinky01,duranke01,harrijo01,dinwisp01,jordade01,6:15.0,S. Curry misses 3-pt jump shot from 25 ft, ,9-23
202012220BRK,2020-21,December,22,2020,wiggian01,curryst01,oubreke01,wisemja01,pascher01,irvinky01,duranke01,harrijo01,dinwisp01,jordade01,6:11.0, , ,9-23
202012220BRK,2020-21,December,22,2020,wiggian01,curryst01,oubreke01,wisemja01,pascher01,irvinky01,duranke01,harrijo01,dinwisp01,jordade01,6:00.0, , ,9-23
202012220BRK,2020-21,December,22,2020,wiggian01,curryst01,oubreke01,wisemja01,pascher01,irvinky01,duranke01,harrijo01,dinwisp01,jordade01,6:00.0,K. Bazemore enters the game for A. Wiggins, ,9-23
202012220BRK,2020-21,December,22,2020,wiggian01,curryst01,oubreke01,wisemja01,pascher01,irvinky01,duranke01,harrijo01,dinwisp01,jordade01,6:00.0, , ,9-23
202012220BRK,2020-21,December,22,2020,wiggian01,curryst01,oubreke01,wisemja01,pascher01,irvinky01,duranke01,harrijo01,dinwisp01,jordade01,5:47.0,K. Oubre misses 3-pt jump shot from 25 ft, ,9-23
202012220BRK,2020-21,December,22,2020,wiggian01,curryst01,oubreke01,wisemja01,pascher01,irvinky01,duranke01,harrijo01,dinwisp01,jordade01,5:43.0, , ,9-23
202012220BRK,2020-21,December,22,2020,wiggian01,curryst01,oubreke01,wisemja01,pascher01,irvinky01,duranke01,harrijo01,dinwisp01,jordade01,5:34.0, , ,9-23
202012220BRK,2020-21,December,22,2020,wiggian01,curryst01,oubreke01,wisemja01,pascher01,irvinky01,duranke01,harrijo01,dinwisp01,jordade01,5:25.0, , ,9-23
202012220BRK,2020-21,December,22,2020,wiggian01,curryst01,oubreke01,wisemja01,pascher01,irvinky01,duranke01,harrijo01,dinwisp01,jordade01,5:20.0,Defensive rebound by K. Bazemore, ,9-23
202012220BRK,2020-21,December,22,2020,wiggian01,curryst01,oubreke01,wisemja01,pascher01,irvinky01,duranke01,harrijo01,dinwisp01,jordade01,5:17.0,K. Bazemore makes 2-pt layup at rim,+2,11-23
202012220BRK,2020-21,December,22,2020,wiggian01,curryst01,oubreke01,wisemja01,pascher01,irvinky01,duranke01,harrijo01,dinwisp01,jordade01,5:03.0, , ,11-26
202012220BRK,2020-21,December,22,2020,wiggian01,curryst01,oubreke01,wisemja01,pascher01,irvinky01,duranke01,harrijo01,dinwisp01,jordade01,4:52.0,S. Curry makes 2-pt jump shot from 23 ft,+2,13-26
202012220BRK,2020-21,December,22,2020,wiggian01,curryst01,oubreke01,wisemja01,pascher01,irvinky01,duranke01,harrijo01,dinwisp01,jordade01,4:41.0, , ,13-28
202012220BRK,2020-21,December,22,2020,wiggian01,curryst01,oubreke01,wisemja01,pascher01,irvinky01,duranke01,harrijo01,dinwisp01,jordade01,4:41.0,D. Lee enters the game for E. Paschall, ,13-28
202012220BRK,2020-21,December,22,2020,wiggian01,curryst01,oubreke01,wisemja01,pascher01,irvinky01,duranke01,harrijo01,dinwisp01,jordade01,4:41.0, , ,13-28
202012220BRK,2020-21,December,22,2020,wiggian01,curryst01,oubreke01,wisemja01,pascher01,irvinky01,duranke01,harrijo01,dinwisp01,jordade01,4:41.0, , ,13-28
202012220BRK,2020-21,December,22,2020,wiggian01,curryst01,oubreke01,wisemja01,pascher01,irvinky01,duranke01,harrijo01,dinwisp01,jordade01,4:28.0,Jump ball: K. Bazemore vs. K. Durant (K. Oubre gains possession),,
202012220BRK,2020-21,December,22,2020,wiggian01,curryst01,oubreke01,wisemja01,pascher01,irvinky01,duranke01,harrijo01,dinwisp01,jordade01,4:21.0,K. Oubre misses 2-pt layup from 1 ft, ,13-28
202012220BRK,2020-21,December,22,2020,wiggian01,curryst01,oubreke01,wisemja01,pascher01,irvinky01,duranke01,harrijo01,dinwisp01,jordade01,4:19.0,Offensive rebound by K. Oubre, ,13-28
202012220BRK,2020-21,December,22,2020,wiggian01,curryst01,oubreke01,wisemja01,pascher01,irvinky01,duranke01,harrijo01,dinwisp01,jordade01,4:18.0,K. Oubre misses 2-pt dunk from 2 ft, ,13-28
202012220BRK,2020-21,December,22,2020,wiggian01,curryst01,oubreke01,wisemja01,pascher01,irvinky01,duranke01,harrijo01,dinwisp01,jordade01,4:17.0, , ,13-28
202012220BRK,2020-21,December,22,2020,wiggian01,curryst01,oubreke01,wisemja01,pascher01,irvinky01,duranke01,harrijo01,dinwisp01,jordade01,4:08.0, , ,13-28
202012220BRK,2020-21,December,22,2020,wiggian01,curryst01,oubreke01,wisemja01,pascher01,irvinky01,duranke01,harrijo01,dinwisp01,jordade01,4:02.0,Defensive rebound by K. Bazemore, ,13-28
202012220BRK,2020-21,December,22,2020,wiggian01,curryst01,oubreke01,wisemja01,pascher01,irvinky01,duranke01,harrijo01,dinwisp01,jordade01,3:57.0,K. Bazemore misses 3-pt jump shot from 25 ft, ,13-28
202012220BRK,2020-21,December,22,2020,wiggian01,curryst01,oubreke01,wisemja01,pascher01,irvinky01,duranke01,harrijo01,dinwisp01,jordade01,3:54.0,Offensive rebound by K. Oubre, ,13-28
202012220BRK,2020-21,December,22,2020,wiggian01,curryst01,oubreke01,wisemja01,pascher01,irvinky01,duranke01,harrijo01,dinwisp01,jordade01,3:52.0,K. Oubre makes 2-pt dunk from 3 ft,+2,15-28
202012220BRK,2020-21,December,22,2020,wiggian01,curryst01,oubreke01,wisemja01,pascher01,irvinky01,duranke01,harrijo01,dinwisp01,jordade01,3:42.0, , ,15-28
202012220BRK,2020-21,December,22,2020,wiggian01,curryst01,oubreke01,wisemja01,pascher01,irvinky01,duranke01,harrijo01,dinwisp01,jordade01,3:36.0,K. Oubre makes 2-pt dunk at rim (assist by S. Curry),+2,17-28
202012220BRK,2020-21,December,22,2020,wiggian01,curryst01,oubreke01,wisemja01,pascher01,irvinky01,duranke01,harrijo01,dinwisp01,jordade01,3:14.0, , ,17-28
202012220BRK,2020-21,December,22,2020,wiggian01,curryst01,oubreke01,wisemja01,pascher01,irvinky01,duranke01,harrijo01,dinwisp01,jordade01,3:13.0,Defensive rebound by D. Lee, ,17-28
202012220BRK,2020-21,December,22,2020,wiggian01,curryst01,oubreke01,wisemja01,pascher01,irvinky01,duranke01,harrijo01,dinwisp01,jordade01,2:59.0,K. Looney misses 2-pt jump shot from 15 ft, ,17-28
202012220BRK,2020-21,December,22,2020,wiggian01,curryst01,oubreke01,wisemja01,pascher01,irvinky01,duranke01,harrijo01,dinwisp01,jordade01,2:59.0, , ,17-28
202012220BRK,2020-21,December,22,2020,wiggian01,curryst01,oubreke01,wisemja01,pascher01,irvinky01,duranke01,harrijo01,dinwisp01,jordade01,2:51.0, , ,17-28
202012220BRK,2020-21,December,22,2020,wiggian01,curryst01,oubreke01,wisemja01,pascher01,irvinky01,duranke01,harrijo01,dinwisp01,jordade01,2:51.0, , ,17-28
202012220BRK,2020-21,December,22,2020,wiggian01,curryst01,oubreke01,wisemja01,pascher01,irvinky01,duranke01,harrijo01,dinwisp01,jordade01,2:51.0, , ,17-28
202012220BRK,2020-21,December,22,2020,wiggian01,curryst01,oubreke01,wisemja01,pascher01,irvinky01,duranke01,harrijo01,dinwisp01,jordade01,2:51.0, , ,17-29
202012220BRK,2020-21,December,22,2020,wiggian01,curryst01,oubreke01,wisemja01,pascher01,irvinky01,duranke01,harrijo01,dinwisp01,jordade01,2:51.0, , ,17-30
202012220BRK,2020-21,December,22,2020,wiggian01,curryst01,oubreke01,wisemja01,pascher01,irvinky01,duranke01,harrijo01,dinwisp01,jordade01,2:47.0,Turnover by K. Oubre (bad pass; steal by J. Green), ,17-30
202012220BRK,2020-21,December,22,2020,wiggian01,curryst01,oubreke01,wisemja01,pascher01,irvinky01,duranke01,harrijo01,dinwisp01,jordade01,2:42.0, , ,17-33
202012220BRK,2020-21,December,22,2020,wiggian01,curryst01,oubreke01,wisemja01,pascher01,irvinky01,duranke01,harrijo01,dinwisp01,jordade01,2:34.0,Turnover by K. Looney (bad pass; steal by J. Allen), ,17-33
202012220BRK,2020-21,December,22,2020,wiggian01,curryst01,oubreke01,wisemja01,pascher01,irvinky01,duranke01,harrijo01,dinwisp01,jordade01,2:29.0, , ,17-36
202012220BRK,2020-21,December,22,2020,wiggian01,curryst01,oubreke01,wisemja01,pascher01,irvinky01,duranke01,harrijo01,dinwisp01,jordade01,2:29.0,Golden State full timeout, ,17-36
202012220BRK,2020-21,December,22,2020,wiggian01,curryst01,oubreke01,wisemja01,pascher01,irvinky01,duranke01,harrijo01,dinwisp01,jordade01,2:29.0,A. Wiggins enters the game for K. Oubre, ,17-36
202012220BRK,2020-21,December,22,2020,wiggian01,curryst01,oubreke01,wisemja01,pascher01,irvinky01,duranke01,harrijo01,dinwisp01,jordade01,2:29.0, , ,17-36
202012220BRK,2020-21,December,22,2020,wiggian01,curryst01,oubreke01,wisemja01,pascher01,irvinky01,duranke01,harrijo01,dinwisp01,jordade01,2:12.0,K. Looney misses 2-pt hook shot from 1 ft, ,17-36
202012220BRK,2020-21,December,22,2020,wiggian01,curryst01,oubreke01,wisemja01,pascher01,irvinky01,duranke01,harrijo01,dinwisp01,jordade01,2:10.0, , ,17-36
202012220BRK,2020-21,December,22,2020,wiggian01,curryst01,oubreke01,wisemja01,pascher01,irvinky01,duranke01,harrijo01,dinwisp01,jordade01,2:03.0, , ,17-36
202012220BRK,2020-21,December,22,2020,wiggian01,curryst01,oubreke01,wisemja01,pascher01,irvinky01,duranke01,harrijo01,dinwisp01,jordade01,2:03.0, , ,17-36
202012220BRK,2020-21,December,22,2020,wiggian01,curryst01,oubreke01,wisemja01,pascher01,irvinky01,duranke01,harrijo01,dinwisp01,jordade01,2:03.0,M. Chriss enters the game for K. Looney, ,17-36
202012220BRK,2020-21,December,22,2020,wiggian01,curryst01,oubreke01,wisemja01,pascher01,irvinky01,duranke01,harrijo01,dinwisp01,jordade01,1:50.0,A. Wiggins misses 2-pt hook shot from 9 ft, ,17-36
202012220BRK,2020-21,December,22,2020,wiggian01,curryst01,oubreke01,wisemja01,pascher01,irvinky01,duranke01,harrijo01,dinwisp01,jordade01,1:49.0,Offensive rebound by Team, ,17-36
202012220BRK,2020-21,December,22,2020,wiggian01,curryst01,oubreke01,wisemja01,pascher01,irvinky01,duranke01,harrijo01,dinwisp01,jordade01,1:37.0,S. Curry misses 2-pt jump shot from 3 ft, ,17-36
202012220BRK,2020-21,December,22,2020,wiggian01,curryst01,oubreke01,wisemja01,pascher01,irvinky01,duranke01,harrijo01,dinwisp01,jordade01,1:34.0,Offensive rebound by S. Curry, ,17-36
202012220BRK,2020-21,December,22,2020,wiggian01,curryst01,oubreke01,wisemja01,pascher01,irvinky01,duranke01,harrijo01,dinwisp01,jordade01,1:34.0,S. Curry misses 2-pt layup from 1 ft, ,17-36
202012220BRK,2020-21,December,22,2020,wiggian01,curryst01,oubreke01,wisemja01,pascher01,irvinky01,duranke01,harrijo01,dinwisp01,jordade01,1:32.0, , ,17-36
202012220BRK,2020-21,December,22,2020,wiggian01,curryst01,oubreke01,wisemja01,pascher01,irvinky01,duranke01,harrijo01,dinwisp01,jordade01,1:25.0, , ,17-36
202012220BRK,2020-21,December,22,2020,wiggian01,curryst01,oubreke01,wisemja01,pascher01,irvinky01,duranke01,harrijo01,dinwisp01,jordade01,1:25.0, , ,17-37
202012220BRK,2020-21,December,22,2020,wiggian01,curryst01,oubreke01,wisemja01,pascher01,irvinky01,duranke01,harrijo01,dinwisp01,jordade01,1:25.0, , ,17-38
202012220BRK,2020-21,December,22,2020,wiggian01,curryst01,oubreke01,wisemja01,pascher01,irvinky01,duranke01,harrijo01,dinwisp01,jordade01,1:17.0,M. Chriss makes 2-pt layup from 2 ft (assist by S. Curry),+2,19-38
202012220BRK,2020-21,December,22,2020,wiggian01,curryst01,oubreke01,wisemja01,pascher01,irvinky01,duranke01,harrijo01,dinwisp01,jordade01,0:59.0, , ,19-40
202012220BRK,2020-21,December,22,2020,wiggian01,curryst01,oubreke01,wisemja01,pascher01,irvinky01,duranke01,harrijo01,dinwisp01,jordade01,0:52.0,M. Chriss makes 3-pt jump shot from 25 ft (assist by S. Curry),+3,22-40
202012220BRK,2020-21,December,22,2020,wiggian01,curryst01,oubreke01,wisemja01,pascher01,irvinky01,duranke01,harrijo01,dinwisp01,jordade01,0:33.0, , ,22-40
202012220BRK,2020-21,December,22,2020,wiggian01,curryst01,oubreke01,wisemja01,pascher01,irvinky01,duranke01,harrijo01,dinwisp01,jordade01,0:28.0,Defensive rebound by D. Lee, ,22-40
202012220BRK,2020-21,December,22,2020,wiggian01,curryst01,oubreke01,wisemja01,pascher01,irvinky01,duranke01,harrijo01,dinwisp01,jordade01,0:23.0,S. Curry makes 3-pt jump shot from 26 ft,+3,25-40
202012220BRK,2020-21,December,22,2020,wiggian01,curryst01,oubreke01,wisemja01,pascher01,irvinky01,duranke01,harrijo01,dinwisp01,jordade01,0:02.0, , ,25-40
202012220BRK,2020-21,December,22,2020,wiggian01,curryst01,oubreke01,wisemja01,pascher01,irvinky01,duranke01,harrijo01,dinwisp01,jordade01,0:00.0,S. Curry misses 3-pt jump shot from 45 ft, ,25-40
202012220BRK,2020-21,December,22,2020,wiggian01,curryst01,oubreke01,wisemja01,pascher01,irvinky01,duranke01,harrijo01,dinwisp01,jordade01,0:00.0,Offensive rebound by Team, ,25-40
202012220BRK,2020-21,December,22,2020,wiggian01,curryst01,oubreke01,wisemja01,pascher01,irvinky01,duranke01,harrijo01,dinwisp01,jordade01,0:00.0,End of 1st quarter,,
202012220BRK,2020-21,December,22,2020,wiggian01,curryst01,oubreke01,wisemja01,pascher01,irvinky01,duranke01,harrijo01,dinwisp01,jordade01,12:00.0,Start of 2nd quarter,,
202012220BRK,2020-21,December,22,2020,wiggian01,curryst01,oubreke01,wisemja01,pascher01,irvinky01,duranke01,harrijo01,dinwisp01,jordade01,11:40.0,M. Chriss misses 3-pt jump shot from 23 ft, ,25-40
202012220BRK,2020-21,December,22,2020,wiggian01,curryst01,oubreke01,wisemja01,pascher01,irvinky01,duranke01,harrijo01,dinwisp01,jordade01,11:35.0, , ,25-40
202012220BRK,2020-21,December,22,2020,wiggian01,curryst01,oubreke01,wisemja01,pascher01,irvinky01,duranke01,harrijo01,dinwisp01,jordade01,11:25.0, , ,25-40
202012220BRK,2020-21,December,22,2020,wiggian01,curryst01,oubreke01,wisemja01,pascher01,irvinky01,duranke01,harrijo01,dinwisp01,jordade01,11:14.0, , ,25-42
202012220BRK,2020-21,December,22,2020,wiggian01,curryst01,oubreke01,wisemja01,pascher01,irvinky01,duranke01,harrijo01,dinwisp01,jordade01,11:01.0,A. Wiggins misses 2-pt layup from 1 ft (block by T. Prince), ,25-42
202012220BRK,2020-21,December,22,2020,wiggian01,curryst01,oubreke01,wisemja01,pascher01,irvinky01,duranke01,harrijo01,dinwisp01,jordade01,10:57.0, , ,25-42
202012220BRK,2020-21,December,22,2020,wiggian01,curryst01,oubreke01,wisemja01,pascher01,irvinky01,duranke01,harrijo01,dinwisp01,jordade01,10:55.0, , ,25-42
202012220BRK,2020-21,December,22,2020,wiggian01,curryst01,oubreke01,wisemja01,pascher01,irvinky01,duranke01,harrijo01,dinwisp01,jordade01,10:48.0,Defensive rebound by J. Poole, ,25-42
202012220BRK,2020-21,December,22,2020,wiggian01,curryst01,oubreke01,wisemja01,pascher01,irvinky01,duranke01,harrijo01,dinwisp01,jordade01,10:45.0,Turnover by A. Wiggins (bad pass; steal by C. LeVert), ,25-42
202012220BRK,2020-21,December,22,2020,wiggian01,curryst01,oubreke01,wisemja01,pascher01,irvinky01,duranke01,harrijo01,dinwisp01,jordade01,10:39.0, , ,25-44
202012220BRK,2020-21,December,22,2020,wiggian01,curryst01,oubreke01,wisemja01,pascher01,irvinky01,duranke01,harrijo01,dinwisp01,jordade01,10:21.0,Shooting foul by T. Prince (drawn by A. Wiggins), ,25-44
202012220BRK,2020-21,December,22,2020,wiggian01,curryst01,oubreke01,wisemja01,pascher01,irvinky01,duranke01,harrijo01,dinwisp01,jordade01,10:21.0,A. Wiggins misses free throw 1 of 2, ,25-44
202012220BRK,2020-21,December,22,2020,wiggian01,curryst01,oubreke01,wisemja01,pascher01,irvinky01,duranke01,harrijo01,dinwisp01,jordade01,10:21.0,Offensive rebound by Team, ,25-44
202012220BRK,2020-21,December,22,2020,wiggian01,curryst01,oubreke01,wisemja01,pascher01,irvinky01,duranke01,harrijo01,dinwisp01,jordade01,10:21.0,A. Wiggins makes free throw 2 of 2,+1,26-44
202012220BRK,2020-21,December,22,2020,wiggian01,curryst01,oubreke01,wisemja01,pascher01,irvinky01,duranke01,harrijo01,dinwisp01,jordade01,10:03.0, , ,26-44
202012220BRK,2020-21,December,22,2020,wiggian01,curryst01,oubreke01,wisemja01,pascher01,irvinky01,duranke01,harrijo01,dinwisp01,jordade01,10:00.0,Defensive rebound by M. Chriss, ,26-44
202012220BRK,2020-21,December,22,2020,wiggian01,curryst01,oubreke01,wisemja01,pascher01,irvinky01,duranke01,harrijo01,dinwisp01,jordade01,9:53.0,J. Poole makes 2-pt jump shot from 11 ft,+2,28-44
202012220BRK,2020-21,December,22,2020,wiggian01,curryst01,oubreke01,wisemja01,pascher01,irvinky01,duranke01,harrijo01,dinwisp01,jordade01,9:43.0, , ,28-44
202012220BRK,2020-21,December,22,2020,wiggian01,curryst01,oubreke01,wisemja01,pascher01,irvinky01,duranke01,harrijo01,dinwisp01,jordade01,9:34.0,Turnover by A. Wiggins (traveling), ,28-44
202012220BRK,2020-21,December,22,2020,wiggian01,curryst01,oubreke01,wisemja01,pascher01,irvinky01,duranke01,harrijo01,dinwisp01,jordade01,9:34.0, , ,28-44
202012220BRK,2020-21,December,22,2020,wiggian01,curryst01,oubreke01,wisemja01,pascher01,irvinky01,duranke01,harrijo01,dinwisp01,jordade01,9:16.0, , ,28-44
202012220BRK,2020-21,December,22,2020,wiggian01,curryst01,oubreke01,wisemja01,pascher01,irvinky01,duranke01,harrijo01,dinwisp01,jordade01,9:12.0,Defensive rebound by A. Wiggins, ,28-44
202012220BRK,2020-21,December,22,2020,wiggian01,curryst01,oubreke01,wisemja01,pascher01,irvinky01,duranke01,harrijo01,dinwisp01,jordade01,9:00.0,M. Chriss misses 2-pt layup from 3 ft (block by J. Allen), ,28-44
202012220BRK,2020-21,December,22,2020,wiggian01,curryst01,oubreke01,wisemja01,pascher01,irvinky01,duranke01,harrijo01,dinwisp01,jordade01,9:00.0,Offensive rebound by Team, ,28-44
202012220BRK,2020-21,December,22,2020,wiggian01,curryst01,oubreke01,wisemja01,pascher01,irvinky01,duranke01,harrijo01,dinwisp01,jordade01,8:57.0,A. Wiggins makes 2-pt layup at rim (assist by B. Wanamaker),+2,30-44
202012220BRK,2020-21,December,22,2020,wiggian01,curryst01,oubreke01,wisemja01,pascher01,irvinky01,duranke01,harrijo01,dinwisp01,jordade01,8:41.0, , ,30-44
202012220BRK,2020-21,December,22,2020,wiggian01,curryst01,oubreke01,wisemja01,pascher01,irvinky01,duranke01,harrijo01,dinwisp01,jordade01,8:38.0,Defensive rebound by M. Chriss, ,30-44
202012220BRK,2020-21,December,22,2020,wiggian01,curryst01,oubreke01,wisemja01,pascher01,irvinky01,duranke01,harrijo01,dinwisp01,jordade01,8:33.0,E. Paschall misses 2-pt layup from 1 ft (block by J. Allen), ,30-44
202012220BRK,2020-21,December,22,2020,wiggian01,curryst01,oubreke01,wisemja01,pascher01,irvinky01,duranke01,harrijo01,dinwisp01,jordade01,8:29.0, , ,30-44
202012220BRK,2020-21,December,22,2020,wiggian01,curryst01,oubreke01,wisemja01,pascher01,irvinky01,duranke01,harrijo01,dinwisp01,jordade01,8:25.0, , ,30-47
202012220BRK,2020-21,December,22,2020,wiggian01,curryst01,oubreke01,wisemja01,pascher01,irvinky01,duranke01,harrijo01,dinwisp01,jordade01,8:13.0,Turnover by B. Wanamaker (bad pass; steal by T. Prince), ,30-47
202012220BRK,2020-21,December,22,2020,wiggian01,curryst01,oubreke01,wisemja01,pascher01,irvinky01,duranke01,harrijo01,dinwisp01,jordade01,8:12.0, , ,30-47
202012220BRK,2020-21,December,22,2020,wiggian01,curryst01,oubreke01,wisemja01,pascher01,irvinky01,duranke01,harrijo01,dinwisp01,jordade01,8:12.0, , ,30-47
202012220BRK,2020-21,December,22,2020,wiggian01,curryst01,oubreke01,wisemja01,pascher01,irvinky01,duranke01,harrijo01,dinwisp01,jordade01,8:12.0, , ,30-47
202012220BRK,2020-21,December,22,2020,wiggian01,curryst01,oubreke01,wisemja01,pascher01,irvinky01,duranke01,harrijo01,dinwisp01,jordade01,8:12.0, , ,30-47
202012220BRK,2020-21,December,22,2020,wiggian01,curryst01,oubreke01,wisemja01,pascher01,irvinky01,duranke01,harrijo01,dinwisp01,jordade01,8:12.0, , ,30-48
202012220BRK,2020-21,December,22,2020,wiggian01,curryst01,oubreke01,wisemja01,pascher01,irvinky01,duranke01,harrijo01,dinwisp01,jordade01,8:00.0,A. Wiggins misses 2-pt jump shot from 10 ft, ,30-48
202012220BRK,2020-21,December,22,2020,wiggian01,curryst01,oubreke01,wisemja01,pascher01,irvinky01,duranke01,harrijo01,dinwisp01,jordade01,7:57.0, , ,30-48
202012220BRK,2020-21,December,22,2020,wiggian01,curryst01,oubreke01,wisemja01,pascher01,irvinky01,duranke01,harrijo01,dinwisp01,jordade01,7:48.0, , ,30-48
202012220BRK,2020-21,December,22,2020,wiggian01,curryst01,oubreke01,wisemja01,pascher01,irvinky01,duranke01,harrijo01,dinwisp01,jordade01,7:48.0, , ,30-49
202012220BRK,2020-21,December,22,2020,wiggian01,curryst01,oubreke01,wisemja01,pascher01,irvinky01,duranke01,harrijo01,dinwisp01,jordade01,7:48.0,J. Toscano-Anderson enters the game for M. Chriss, ,30-49
202012220BRK,2020-21,December,22,2020,wiggian01,curryst01,oubreke01,wisemja01,pascher01,irvinky01,duranke01,harrijo01,dinwisp01,jordade01,7:48.0,J. Wiseman enters the game for E. Paschall, ,30-49
202012220BRK,2020-21,December,22,2020,wiggian01,curryst01,oubreke01,wisemja01,pascher01,irvinky01,duranke01,harrijo01,dinwisp01,jordade01,7:48.0, , ,30-50
202012220BRK,2020-21,December,22,2020,wiggian01,curryst01,oubreke01,wisemja01,pascher01,irvinky01,duranke01,harrijo01,dinwisp01,jordade01,7:25.0,A. Wiggins misses 2-pt jump shot from 12 ft, ,30-50
202012220BRK,2020-21,December,22,2020,wiggian01,curryst01,oubreke01,wisemja01,pascher01,irvinky01,duranke01,harrijo01,dinwisp01,jordade01,7:21.0, , ,30-50
202012220BRK,2020-21,December,22,2020,wiggian01,curryst01,oubreke01,wisemja01,pascher01,irvinky01,duranke01,harrijo01,dinwisp01,jordade01,7:16.0, , ,30-50
202012220BRK,2020-21,December,22,2020,wiggian01,curryst01,oubreke01,wisemja01,pascher01,irvinky01,duranke01,harrijo01,dinwisp01,jordade01,6:56.0,J. Poole misses 2-pt jump shot from 12 ft, ,30-50
202012220BRK,2020-21,December,22,2020,wiggian01,curryst01,oubreke01,wisemja01,pascher01,irvinky01,duranke01,harrijo01,dinwisp01,jordade01,6:52.0, , ,30-50
202012220BRK,2020-21,December,22,2020,wiggian01,curryst01,oubreke01,wisemja01,pascher01,irvinky01,duranke01,harrijo01,dinwisp01,jordade01,6:49.0, , ,30-50
202012220BRK,2020-21,December,22,2020,wiggian01,curryst01,oubreke01,wisemja01,pascher01,irvinky01,duranke01,harrijo01,dinwisp01,jordade01,6:49.0, , ,30-50
202012220BRK,2020-21,December,22,2020,wiggian01,curryst01,oubreke01,wisemja01,pascher01,irvinky01,duranke01,harrijo01,dinwisp01,jordade01,6:49.0, , ,30-50
202012220BRK,2020-21,December,22,2020,wiggian01,curryst01,oubreke01,wisemja01,pascher01,irvinky01,duranke01,harrijo01,dinwisp01,jordade01,6:49.0, , ,30-50
202012220BRK,2020-21,December,22,2020,wiggian01,curryst01,oubreke01,wisemja01,pascher01,irvinky01,duranke01,harrijo01,dinwisp01,jordade01,6:49.0, , ,30-50
202012220BRK,2020-21,December,22,2020,wiggian01,curryst01,oubreke01,wisemja01,pascher01,irvinky01,duranke01,harrijo01,dinwisp01,jordade01,6:49.0, , ,30-50
202012220BRK,2020-21,December,22,2020,wiggian01,curryst01,oubreke01,wisemja01,pascher01,irvinky01,duranke01,harrijo01,dinwisp01,jordade01,6:38.0,J. Wiseman misses 2-pt layup from 6 ft, ,30-50
202012220BRK,2020-21,December,22,2020,wiggian01,curryst01,oubreke01,wisemja01,pascher01,irvinky01,duranke01,harrijo01,dinwisp01,jordade01,6:36.0, , ,30-50
202012220BRK,2020-21,December,22,2020,wiggian01,curryst01,oubreke01,wisemja01,pascher01,irvinky01,duranke01,harrijo01,dinwisp01,jordade01,6:22.0, , ,30-50
202012220BRK,2020-21,December,22,2020,wiggian01,curryst01,oubreke01,wisemja01,pascher01,irvinky01,duranke01,harrijo01,dinwisp01,jordade01,6:19.0,Offensive foul by J. Wiseman (drawn by K. Durant), ,30-50
202012220BRK,2020-21,December,22,2020,wiggian01,curryst01,oubreke01,wisemja01,pascher01,irvinky01,duranke01,harrijo01,dinwisp01,jordade01,6:19.0,Turnover by J. Wiseman (offensive foul), ,30-50
202012220BRK,2020-21,December,22,2020,wiggian01,curryst01,oubreke01,wisemja01,pascher01,irvinky01,duranke01,harrijo01,dinwisp01,jordade01,6:19.0,S. Curry enters the game for A. Wiggins, ,30-50
202012220BRK,2020-21,December,22,2020,wiggian01,curryst01,oubreke01,wisemja01,pascher01,irvinky01,duranke01,harrijo01,dinwisp01,jordade01,6:05.0, , ,30-50
202012220BRK,2020-21,December,22,2020,wiggian01,curryst01,oubreke01,wisemja01,pascher01,irvinky01,duranke01,harrijo01,dinwisp01,jordade01,6:05.0, , ,30-50
202012220BRK,2020-21,December,22,2020,wiggian01,curryst01,oubreke01,wisemja01,pascher01,irvinky01,duranke01,harrijo01,dinwisp01,jordade01,6:05.0,K. Oubre enters the game for J. Poole, ,30-50
202012220BRK,2020-21,December,22,2020,wiggian01,curryst01,oubreke01,wisemja01,pascher01,irvinky01,duranke01,harrijo01,dinwisp01,jordade01,6:03.0, , ,30-50
202012220BRK,2020-21,December,22,2020,wiggian01,curryst01,oubreke01,wisemja01,pascher01,irvinky01,duranke01,harrijo01,dinwisp01,jordade01,5:59.0, , ,30-50
202012220BRK,2020-21,December,22,2020,wiggian01,curryst01,oubreke01,wisemja01,pascher01,irvinky01,duranke01,harrijo01,dinwisp01,jordade01,5:53.0, , ,30-50
202012220BRK,2020-21,December,22,2020,wiggian01,curryst01,oubreke01,wisemja01,pascher01,irvinky01,duranke01,harrijo01,dinwisp01,jordade01,5:49.0,Defensive rebound by K. Oubre, ,30-50
202012220BRK,2020-21,December,22,2020,wiggian01,curryst01,oubreke01,wisemja01,pascher01,irvinky01,duranke01,harrijo01,dinwisp01,jordade01,5:44.0,S. Curry makes 3-pt jump shot from 26 ft (assist by J. Toscano-Anderson),+3,33-50
202012220BRK,2020-21,December,22,2020,wiggian01,curryst01,oubreke01,wisemja01,pascher01,irvinky01,duranke01,harrijo01,dinwisp01,jordade01,5:29.0, , ,33-50
202012220BRK,2020-21,December,22,2020,wiggian01,curryst01,oubreke01,wisemja01,pascher01,irvinky01,duranke01,harrijo01,dinwisp01,jordade01,5:27.0,Defensive rebound by J. Toscano-Anderson, ,33-50
202012220BRK,2020-21,December,22,2020,wiggian01,curryst01,oubreke01,wisemja01,pascher01,irvinky01,duranke01,harrijo01,dinwisp01,jordade01,5:19.0,S. Curry misses 2-pt layup from 1 ft, ,33-50
202012220BRK,2020-21,December,22,2020,wiggian01,curryst01,oubreke01,wisemja01,pascher01,irvinky01,duranke01,harrijo01,dinwisp01,jordade01,5:17.0, , ,33-50
202012220BRK,2020-21,December,22,2020,wiggian01,curryst01,oubreke01,wisemja01,pascher01,irvinky01,duranke01,harrijo01,dinwisp01,jordade01,5:09.0, , ,33-50
202012220BRK,2020-21,December,22,2020,wiggian01,curryst01,oubreke01,wisemja01,pascher01,irvinky01,duranke01,harrijo01,dinwisp01,jordade01,5:09.0,Defensive rebound by Team, ,33-50
202012220BRK,2020-21,December,22,2020,wiggian01,curryst01,oubreke01,wisemja01,pascher01,irvinky01,duranke01,harrijo01,dinwisp01,jordade01,5:09.0, , ,33-50
202012220BRK,2020-21,December,22,2020,wiggian01,curryst01,oubreke01,wisemja01,pascher01,irvinky01,duranke01,harrijo01,dinwisp01,jordade01,4:57.0,J. Wiseman makes 2-pt layup from 1 ft (assist by S. Curry),+2,35-50
202012220BRK,2020-21,December,22,2020,wiggian01,curryst01,oubreke01,wisemja01,pascher01,irvinky01,duranke01,harrijo01,dinwisp01,jordade01,4:39.0, , ,35-50
202012220BRK,2020-21,December,22,2020,wiggian01,curryst01,oubreke01,wisemja01,pascher01,irvinky01,duranke01,harrijo01,dinwisp01,jordade01,4:36.0, , ,35-50
202012220BRK,2020-21,December,22,2020,wiggian01,curryst01,oubreke01,wisemja01,pascher01,irvinky01,duranke01,harrijo01,dinwisp01,jordade01,4:35.0, , ,35-52
202012220BRK,2020-21,December,22,2020,wiggian01,curryst01,oubreke01,wisemja01,pascher01,irvinky01,duranke01,harrijo01,dinwisp01,jordade01,4:24.0,K. Oubre misses 2-pt jump shot from 12 ft, ,35-52
202012220BRK,2020-21,December,22,2020,wiggian01,curryst01,oubreke01,wisemja01,pascher01,irvinky01,duranke01,harrijo01,dinwisp01,jordade01,4:21.0, , ,35-52
202012220BRK,2020-21,December,22,2020,wiggian01,curryst01,oubreke01,wisemja01,pascher01,irvinky01,duranke01,harrijo01,dinwisp01,jordade01,4:17.0, , ,35-52
202012220BRK,2020-21,December,22,2020,wiggian01,curryst01,oubreke01,wisemja01,pascher01,irvinky01,duranke01,harrijo01,dinwisp01,jordade01,4:01.0,K. Oubre misses 3-pt jump shot from 25 ft, ,35-52
202012220BRK,2020-21,December,22,2020,wiggian01,curryst01,oubreke01,wisemja01,pascher01,irvinky01,duranke01,harrijo01,dinwisp01,jordade01,3:58.0, , ,35-52
202012220BRK,2020-21,December,22,2020,wiggian01,curryst01,oubreke01,wisemja01,pascher01,irvinky01,duranke01,harrijo01,dinwisp01,jordade01,3:52.0, , ,35-54
202012220BRK,2020-21,December,22,2020,wiggian01,curryst01,oubreke01,wisemja01,pascher01,irvinky01,duranke01,harrijo01,dinwisp01,jordade01,3:40.0,S. Curry makes 2-pt layup from 1 ft,+2,37-54
202012220BRK,2020-21,December,22,2020,wiggian01,curryst01,oubreke01,wisemja01,pascher01,irvinky01,duranke01,harrijo01,dinwisp01,jordade01,3:34.0, , ,37-54
202012220BRK,2020-21,December,22,2020,wiggian01,curryst01,oubreke01,wisemja01,pascher01,irvinky01,duranke01,harrijo01,dinwisp01,jordade01,3:34.0, , ,37-54
202012220BRK,2020-21,December,22,2020,wiggian01,curryst01,oubreke01,wisemja01,pascher01,irvinky01,duranke01,harrijo01,dinwisp01,jordade01,3:34.0, , ,37-54
202012220BRK,2020-21,December,22,2020,wiggian01,curryst01,oubreke01,wisemja01,pascher01,irvinky01,duranke01,harrijo01,dinwisp01,jordade01,3:22.0,S. Curry misses 2-pt layup from 2 ft (block by C. LeVert), ,37-54
202012220BRK,2020-21,December,22,2020,wiggian01,curryst01,oubreke01,wisemja01,pascher01,irvinky01,duranke01,harrijo01,dinwisp01,jordade01,3:22.0, , ,37-54
202012220BRK,2020-21,December,22,2020,wiggian01,curryst01,oubreke01,wisemja01,pascher01,irvinky01,duranke01,harrijo01,dinwisp01,jordade01,3:18.0, , ,37-56
202012220BRK,2020-21,December,22,2020,wiggian01,curryst01,oubreke01,wisemja01,pascher01,irvinky01,duranke01,harrijo01,dinwisp01,jordade01,3:18.0,Golden State full timeout, ,37-56
202012220BRK,2020-21,December,22,2020,wiggian01,curryst01,oubreke01,wisemja01,pascher01,irvinky01,duranke01,harrijo01,dinwisp01,jordade01,3:18.0,A. Wiggins enters the game for J. Toscano-Anderson, ,37-56
202012220BRK,2020-21,December,22,2020,wiggian01,curryst01,oubreke01,wisemja01,pascher01,irvinky01,duranke01,harrijo01,dinwisp01,jordade01,3:07.0,J. Wiseman makes 2-pt layup from 3 ft (assist by S. Curry),+2,39-56
202012220BRK,2020-21,December,22,2020,wiggian01,curryst01,oubreke01,wisemja01,pascher01,irvinky01,duranke01,harrijo01,dinwisp01,jordade01,2:53.0, , ,39-58
202012220BRK,2020-21,December,22,2020,wiggian01,curryst01,oubreke01,wisemja01,pascher01,irvinky01,duranke01,harrijo01,dinwisp01,jordade01,2:36.0,K. Oubre misses 2-pt layup at rim (block by J. Harris), ,39-58
202012220BRK,2020-21,December,22,2020,wiggian01,curryst01,oubreke01,wisemja01,pascher01,irvinky01,duranke01,harrijo01,dinwisp01,jordade01,2:34.0,Offensive rebound by K. Oubre, ,39-58
202012220BRK,2020-21,December,22,2020,wiggian01,curryst01,oubreke01,wisemja01,pascher01,irvinky01,duranke01,harrijo01,dinwisp01,jordade01,2:33.0,K. Oubre misses 2-pt layup from 1 ft, ,39-58
202012220BRK,2020-21,December,22,2020,wiggian01,curryst01,oubreke01,wisemja01,pascher01,irvinky01,duranke01,harrijo01,dinwisp01,jordade01,2:31.0,Offensive rebound by K. Oubre, ,39-58
202012220BRK,2020-21,December,22,2020,wiggian01,curryst01,oubreke01,wisemja01,pascher01,irvinky01,duranke01,harrijo01,dinwisp01,jordade01,2:29.0,A. Wiggins makes 3-pt jump shot from 24 ft (assist by K. Oubre),+3,42-58
202012220BRK,2020-21,December,22,2020,wiggian01,curryst01,oubreke01,wisemja01,pascher01,irvinky01,duranke01,harrijo01,dinwisp01,jordade01,2:20.0, , ,42-58
202012220BRK,2020-21,December,22,2020,wiggian01,curryst01,oubreke01,wisemja01,pascher01,irvinky01,duranke01,harrijo01,dinwisp01,jordade01,2:20.0, , ,42-58
202012220BRK,2020-21,December,22,2020,wiggian01,curryst01,oubreke01,wisemja01,pascher01,irvinky01,duranke01,harrijo01,dinwisp01,jordade01,2:20.0,J. Toscano-Anderson enters the game for B. Wanamaker, ,42-58
202012220BRK,2020-21,December,22,2020,wiggian01,curryst01,oubreke01,wisemja01,pascher01,irvinky01,duranke01,harrijo01,dinwisp01,jordade01,2:08.0,Turnover by S. Curry (bad pass; steal by K. Durant), ,42-58
202012220BRK,2020-21,December,22,2020,wiggian01,curryst01,oubreke01,wisemja01,pascher01,irvinky01,duranke01,harrijo01,dinwisp01,jordade01,2:04.0, , ,42-58
202012220BRK,2020-21,December,22,2020,wiggian01,curryst01,oubreke01,wisemja01,pascher01,irvinky01,duranke01,harrijo01,dinwisp01,jordade01,2:01.0,Defensive rebound by J. Wiseman, ,42-58
202012220BRK,2020-21,December,22,2020,wiggian01,curryst01,oubreke01,wisemja01,pascher01,irvinky01,duranke01,harrijo01,dinwisp01,jordade01,1:57.0,S. Curry misses 3-pt jump shot from 25 ft, ,42-58
202012220BRK,2020-21,December,22,2020,wiggian01,curryst01,oubreke01,wisemja01,pascher01,irvinky01,duranke01,harrijo01,dinwisp01,jordade01,1:54.0, , ,42-58
202012220BRK,2020-21,December,22,2020,wiggian01,curryst01,oubreke01,wisemja01,pascher01,irvinky01,duranke01,harrijo01,dinwisp01,jordade01,1:49.0, , ,42-58
202012220BRK,2020-21,December,22,2020,wiggian01,curryst01,oubreke01,wisemja01,pascher01,irvinky01,duranke01,harrijo01,dinwisp01,jordade01,1:49.0, , ,42-58
202012220BRK,2020-21,December,22,2020,wiggian01,curryst01,oubreke01,wisemja01,pascher01,irvinky01,duranke01,harrijo01,dinwisp01,jordade01,1:49.0, , ,42-58
202012220BRK,2020-21,December,22,2020,wiggian01,curryst01,oubreke01,wisemja01,pascher01,irvinky01,duranke01,harrijo01,dinwisp01,jordade01,1:45.0, , ,42-58
202012220BRK,2020-21,December,22,2020,wiggian01,curryst01,oubreke01,wisemja01,pascher01,irvinky01,duranke01,harrijo01,dinwisp01,jordade01,1:40.0,Defensive rebound by J. Toscano-Anderson, ,42-58
202012220BRK,2020-21,December,22,2020,wiggian01,curryst01,oubreke01,wisemja01,pascher01,irvinky01,duranke01,harrijo01,dinwisp01,jordade01,1:32.0,Turnover by A. Wiggins (step out of bounds), ,42-58
202012220BRK,2020-21,December,22,2020,wiggian01,curryst01,oubreke01,wisemja01,pascher01,irvinky01,duranke01,harrijo01,dinwisp01,jordade01,1:21.0, , ,42-58
202012220BRK,2020-21,December,22,2020,wiggian01,curryst01,oubreke01,wisemja01,pascher01,irvinky01,duranke01,harrijo01,dinwisp01,jordade01,1:21.0, , ,42-58
202012220BRK,2020-21,December,22,2020,wiggian01,curryst01,oubreke01,wisemja01,pascher01,irvinky01,duranke01,harrijo01,dinwisp01,jordade01,1:06.0,A. Wiggins misses 3-pt jump shot from 24 ft, ,42-58
202012220BRK,2020-21,December,22,2020,wiggian01,curryst01,oubreke01,wisemja01,pascher01,irvinky01,duranke01,harrijo01,dinwisp01,jordade01,1:05.0, , ,42-58
202012220BRK,2020-21,December,22,2020,wiggian01,curryst01,oubreke01,wisemja01,pascher01,irvinky01,duranke01,harrijo01,dinwisp01,jordade01,0:53.0, , ,42-60
202012220BRK,2020-21,December,22,2020,wiggian01,curryst01,oubreke01,wisemja01,pascher01,irvinky01,duranke01,harrijo01,dinwisp01,jordade01,0:44.0,Shooting foul by K. Durant (drawn by J. Wiseman), ,42-60
202012220BRK,2020-21,December,22,2020,wiggian01,curryst01,oubreke01,wisemja01,pascher01,irvinky01,duranke01,harrijo01,dinwisp01,jordade01,0:44.0,J. Wiseman misses free throw 1 of 2, ,42-60
202012220BRK,2020-21,December,22,2020,wiggian01,curryst01,oubreke01,wisemja01,pascher01,irvinky01,duranke01,harrijo01,dinwisp01,jordade01,0:44.0,Offensive rebound by Team, ,42-60
202012220BRK,2020-21,December,22,2020,wiggian01,curryst01,oubreke01,wisemja01,pascher01,irvinky01,duranke01,harrijo01,dinwisp01,jordade01,0:44.0,J. Wiseman makes free throw 2 of 2,+1,43-60
202012220BRK,2020-21,December,22,2020,wiggian01,curryst01,oubreke01,wisemja01,pascher01,irvinky01,duranke01,harrijo01,dinwisp01,jordade01,0:29.0, , ,43-60
202012220BRK,2020-21,December,22,2020,wiggian01,curryst01,oubreke01,wisemja01,pascher01,irvinky01,duranke01,harrijo01,dinwisp01,jordade01,0:26.0,Defensive rebound by J. Toscano-Anderson, ,43-60
202012220BRK,2020-21,December,22,2020,wiggian01,curryst01,oubreke01,wisemja01,pascher01,irvinky01,duranke01,harrijo01,dinwisp01,jordade01,0:12.0,S. Curry makes 2-pt jump shot from 19 ft,+2,45-60
202012220BRK,2020-21,December,22,2020,wiggian01,curryst01,oubreke01,wisemja01,pascher01,irvinky01,duranke01,harrijo01,dinwisp01,jordade01,0:04.0, , ,45-63
202012220BRK,2020-21,December,22,2020,wiggian01,curryst01,oubreke01,wisemja01,pascher01,irvinky01,duranke01,harrijo01,dinwisp01,jordade01,0:00.0,S. Curry misses 3-pt jump shot from 43 ft, ,45-63
202012220BRK,2020-21,December,22,2020,wiggian01,curryst01,oubreke01,wisemja01,pascher01,irvinky01,duranke01,harrijo01,dinwisp01,jordade01,0:00.0,Offensive rebound by Team, ,45-63
202012220BRK,2020-21,December,22,2020,wiggian01,curryst01,oubreke01,wisemja01,pascher01,irvinky01,duranke01,harrijo01,dinwisp01,jordade01,0:00.0,End of 2nd quarter,,
202012220BRK,2020-21,December,22,2020,wiggian01,curryst01,oubreke01,wisemja01,pascher01,irvinky01,duranke01,harrijo01,dinwisp01,jordade01,12:00.0,Start of 3rd quarter,,
202012220BRK,2020-21,December,22,2020,wiggian01,curryst01,oubreke01,wisemja01,pascher01,irvinky01,duranke01,harrijo01,dinwisp01,jordade01,11:47.0,A. Wiggins misses 2-pt layup from 3 ft (block by K. Durant), ,45-63
202012220BRK,2020-21,December,22,2020,wiggian01,curryst01,oubreke01,wisemja01,pascher01,irvinky01,duranke01,harrijo01,dinwisp01,jordade01,11:43.0, , ,45-63
202012220BRK,2020-21,December,22,2020,wiggian01,curryst01,oubreke01,wisemja01,pascher01,irvinky01,duranke01,harrijo01,dinwisp01,jordade01,11:34.0, , ,45-65
202012220BRK,2020-21,December,22,2020,wiggian01,curryst01,oubreke01,wisemja01,pascher01,irvinky01,duranke01,harrijo01,dinwisp01,jordade01,11:23.0,K. Oubre misses 3-pt jump shot from 26 ft, ,45-65
202012220BRK,2020-21,December,22,2020,wiggian01,curryst01,oubreke01,wisemja01,pascher01,irvinky01,duranke01,harrijo01,dinwisp01,jordade01,11:19.0, , ,45-65
202012220BRK,2020-21,December,22,2020,wiggian01,curryst01,oubreke01,wisemja01,pascher01,irvinky01,duranke01,harrijo01,dinwisp01,jordade01,11:17.0, , ,45-65
202012220BRK,2020-21,December,22,2020,wiggian01,curryst01,oubreke01,wisemja01,pascher01,irvinky01,duranke01,harrijo01,dinwisp01,jordade01,11:17.0, , ,45-66
202012220BRK,2020-21,December,22,2020,wiggian01,curryst01,oubreke01,wisemja01,pascher01,irvinky01,duranke01,harrijo01,dinwisp01,jordade01,11:17.0, , ,45-67
202012220BRK,2020-21,December,22,2020,wiggian01,curryst01,oubreke01,wisemja01,pascher01,irvinky01,duranke01,harrijo01,dinwisp01,jordade01,10:58.0,J. Wiseman misses 2-pt jump shot from 21 ft, ,45-67
202012220BRK,2020-21,December,22,2020,wiggian01,curryst01,oubreke01,wisemja01,pascher01,irvinky01,duranke01,harrijo01,dinwisp01,jordade01,10:53.0, , ,45-67
202012220BRK,2020-21,December,22,2020,wiggian01,curryst01,oubreke01,wisemja01,pascher01,irvinky01,duranke01,harrijo01,dinwisp01,jordade01,10:51.0, , ,45-67
202012220BRK,2020-21,December,22,2020,wiggian01,curryst01,oubreke01,wisemja01,pascher01,irvinky01,duranke01,harrijo01,dinwisp01,jordade01,10:51.0, , ,45-68
202012220BRK,2020-21,December,22,2020,wiggian01,curryst01,oubreke01,wisemja01,pascher01,irvinky01,duranke01,harrijo01,dinwisp01,jordade01,10:51.0, , ,45-69
202012220BRK,2020-21,December,22,2020,wiggian01,curryst01,oubreke01,wisemja01,pascher01,irvinky01,duranke01,harrijo01,dinwisp01,jordade01,10:42.0,S. Curry misses 3-pt jump shot from 26 ft, ,45-69
202012220BRK,2020-21,December,22,2020,wiggian01,curryst01,oubreke01,wisemja01,pascher01,irvinky01,duranke01,harrijo01,dinwisp01,jordade01,10:38.0,Offensive rebound by S. Curry, ,45-69
202012220BRK,2020-21,December,22,2020,wiggian01,curryst01,oubreke01,wisemja01,pascher01,irvinky01,duranke01,harrijo01,dinwisp01,jordade01,10:34.0,K. Oubre makes 2-pt dunk from 1 ft (assist by J. Toscano-Anderson),+2,47-69
202012220BRK,2020-21,December,22,2020,wiggian01,curryst01,oubreke01,wisemja01,pascher01,irvinky01,duranke01,harrijo01,dinwisp01,jordade01,10:16.0, , ,47-69
202012220BRK,2020-21,December,22,2020,wiggian01,curryst01,oubreke01,wisemja01,pascher01,irvinky01,duranke01,harrijo01,dinwisp01,jordade01,10:13.0,Shooting foul by K. Durant (drawn by J. Wiseman), ,47-69
202012220BRK,2020-21,December,22,2020,wiggian01,curryst01,oubreke01,wisemja01,pascher01,irvinky01,duranke01,harrijo01,dinwisp01,jordade01,10:13.0,J. Wiseman makes free throw 1 of 2,+1,48-69
202012220BRK,2020-21,December,22,2020,wiggian01,curryst01,oubreke01,wisemja01,pascher01,irvinky01,duranke01,harrijo01,dinwisp01,jordade01,10:13.0,J. Wiseman makes free throw 2 of 2,+1,49-69
202012220BRK,2020-21,December,22,2020,wiggian01,curryst01,oubreke01,wisemja01,pascher01,irvinky01,duranke01,harrijo01,dinwisp01,jordade01,10:06.0, , ,49-69
202012220BRK,2020-21,December,22,2020,wiggian01,curryst01,oubreke01,wisemja01,pascher01,irvinky01,duranke01,harrijo01,dinwisp01,jordade01,10:04.0, , ,49-69
202012220BRK,2020-21,December,22,2020,wiggian01,curryst01,oubreke01,wisemja01,pascher01,irvinky01,duranke01,harrijo01,dinwisp01,jordade01,10:04.0, , ,49-69
202012220BRK,2020-21,December,22,2020,wiggian01,curryst01,oubreke01,wisemja01,pascher01,irvinky01,duranke01,harrijo01,dinwisp01,jordade01,10:03.0, , ,49-69
202012220BRK,2020-21,December,22,2020,wiggian01,curryst01,oubreke01,wisemja01,pascher01,irvinky01,duranke01,harrijo01,dinwisp01,jordade01,10:00.0, , ,49-71
202012220BRK,2020-21,December,22,2020,wiggian01,curryst01,oubreke01,wisemja01,pascher01,irvinky01,duranke01,harrijo01,dinwisp01,jordade01,9:49.0,Turnover by A. Wiggins (traveling), ,49-71
202012220BRK,2020-21,December,22,2020,wiggian01,curryst01,oubreke01,wisemja01,pascher01,irvinky01,duranke01,harrijo01,dinwisp01,jordade01,9:36.0, , ,49-71
202012220BRK,2020-21,December,22,2020,wiggian01,curryst01,oubreke01,wisemja01,pascher01,irvinky01,duranke01,harrijo01,dinwisp01,jordade01,9:36.0, , ,49-72
202012220BRK,2020-21,December,22,2020,wiggian01,curryst01,oubreke01,wisemja01,pascher01,irvinky01,duranke01,harrijo01,dinwisp01,jordade01,9:36.0, , ,49-73
202012220BRK,2020-21,December,22,2020,wiggian01,curryst01,oubreke01,wisemja01,pascher01,irvinky01,duranke01,harrijo01,dinwisp01,jordade01,9:17.0,J. Wiseman misses 2-pt hook shot from 7 ft, ,49-73
202012220BRK,2020-21,December,22,2020,wiggian01,curryst01,oubreke01,wisemja01,pascher01,irvinky01,duranke01,harrijo01,dinwisp01,jordade01,9:11.0, , ,49-73
202012220BRK,2020-21,December,22,2020,wiggian01,curryst01,oubreke01,wisemja01,pascher01,irvinky01,duranke01,harrijo01,dinwisp01,jordade01,9:05.0, , ,49-73
202012220BRK,2020-21,December,22,2020,wiggian01,curryst01,oubreke01,wisemja01,pascher01,irvinky01,duranke01,harrijo01,dinwisp01,jordade01,8:59.0, , ,49-75
202012220BRK,2020-21,December,22,2020,wiggian01,curryst01,oubreke01,wisemja01,pascher01,irvinky01,duranke01,harrijo01,dinwisp01,jordade01,8:48.0,A. Wiggins misses 2-pt layup from 2 ft, ,49-75
202012220BRK,2020-21,December,22,2020,wiggian01,curryst01,oubreke01,wisemja01,pascher01,irvinky01,duranke01,harrijo01,dinwisp01,jordade01,8:44.0, , ,49-75
202012220BRK,2020-21,December,22,2020,wiggian01,curryst01,oubreke01,wisemja01,pascher01,irvinky01,duranke01,harrijo01,dinwisp01,jordade01,8:41.0, , ,49-75
202012220BRK,2020-21,December,22,2020,wiggian01,curryst01,oubreke01,wisemja01,pascher01,irvinky01,duranke01,harrijo01,dinwisp01,jordade01,8:38.0,Defensive rebound by J. Toscano-Anderson, ,49-75
202012220BRK,2020-21,December,22,2020,wiggian01,curryst01,oubreke01,wisemja01,pascher01,irvinky01,duranke01,harrijo01,dinwisp01,jordade01,8:33.0,Turnover by K. Oubre (bad pass; steal by K. Durant), ,49-75
202012220BRK,2020-21,December,22,2020,wiggian01,curryst01,oubreke01,wisemja01,pascher01,irvinky01,duranke01,harrijo01,dinwisp01,jordade01,8:30.0, , ,49-77
202012220BRK,2020-21,December,22,2020,wiggian01,curryst01,oubreke01,wisemja01,pascher01,irvinky01,duranke01,harrijo01,dinwisp01,jordade01,8:30.0,Golden State full timeout, ,49-77
202012220BRK,2020-21,December,22,2020,wiggian01,curryst01,oubreke01,wisemja01,pascher01,irvinky01,duranke01,harrijo01,dinwisp01,jordade01,8:13.0,Personal foul by J. Harris (drawn by A. Wiggins), ,49-77
202012220BRK,2020-21,December,22,2020,wiggian01,curryst01,oubreke01,wisemja01,pascher01,irvinky01,duranke01,harrijo01,dinwisp01,jordade01,8:05.0,S. Curry misses 2-pt jump shot from 15 ft, ,49-77
202012220BRK,2020-21,December,22,2020,wiggian01,curryst01,oubreke01,wisemja01,pascher01,irvinky01,duranke01,harrijo01,dinwisp01,jordade01,8:02.0, , ,49-77
202012220BRK,2020-21,December,22,2020,wiggian01,curryst01,oubreke01,wisemja01,pascher01,irvinky01,duranke01,harrijo01,dinwisp01,jordade01,7:57.0, , ,49-77
202012220BRK,2020-21,December,22,2020,wiggian01,curryst01,oubreke01,wisemja01,pascher01,irvinky01,duranke01,harrijo01,dinwisp01,jordade01,7:57.0, , ,49-77
202012220BRK,2020-21,December,22,2020,wiggian01,curryst01,oubreke01,wisemja01,pascher01,irvinky01,duranke01,harrijo01,dinwisp01,jordade01,7:57.0,Loose ball foul by J. Toscano-Anderson (drawn by D. Jordan), ,49-77
202012220BRK,2020-21,December,22,2020,wiggian01,curryst01,oubreke01,wisemja01,pascher01,irvinky01,duranke01,harrijo01,dinwisp01,jordade01,7:57.0, , ,49-77
202012220BRK,2020-21,December,22,2020,wiggian01,curryst01,oubreke01,wisemja01,pascher01,irvinky01,duranke01,harrijo01,dinwisp01,jordade01,7:57.0, , ,49-77
202012220BRK,2020-21,December,22,2020,wiggian01,curryst01,oubreke01,wisemja01,pascher01,irvinky01,duranke01,harrijo01,dinwisp01,jordade01,7:57.0,K. Looney enters the game for J. Wiseman, ,49-77
202012220BRK,2020-21,December,22,2020,wiggian01,curryst01,oubreke01,wisemja01,pascher01,irvinky01,duranke01,harrijo01,dinwisp01,jordade01,7:57.0, , ,49-77
202012220BRK,2020-21,December,22,2020,wiggian01,curryst01,oubreke01,wisemja01,pascher01,irvinky01,duranke01,harrijo01,dinwisp01,jordade01,7:48.0,Defensive rebound by K. Looney, ,49-77
202012220BRK,2020-21,December,22,2020,wiggian01,curryst01,oubreke01,wisemja01,pascher01,irvinky01,duranke01,harrijo01,dinwisp01,jordade01,7:34.0,Turnover by K. Looney (lost ball; steal by D. Jordan), ,49-77
202012220BRK,2020-21,December,22,2020,wiggian01,curryst01,oubreke01,wisemja01,pascher01,irvinky01,duranke01,harrijo01,dinwisp01,jordade01,7:24.0, , ,49-80
202012220BRK,2020-21,December,22,2020,wiggian01,curryst01,oubreke01,wisemja01,pascher01,irvinky01,duranke01,harrijo01,dinwisp01,jordade01,7:12.0,S. Curry misses 3-pt jump shot from 26 ft, ,49-80
202012220BRK,2020-21,December,22,2020,wiggian01,curryst01,oubreke01,wisemja01,pascher01,irvinky01,duranke01,harrijo01,dinwisp01,jordade01,7:09.0,Offensive rebound by S. Curry, ,49-80
202012220BRK,2020-21,December,22,2020,wiggian01,curryst01,oubreke01,wisemja01,pascher01,irvinky01,duranke01,harrijo01,dinwisp01,jordade01,7:06.0,A. Wiggins makes 3-pt jump shot from 26 ft (assist by S. Curry),+3,52-80
202012220BRK,2020-21,December,22,2020,wiggian01,curryst01,oubreke01,wisemja01,pascher01,irvinky01,duranke01,harrijo01,dinwisp01,jordade01,6:45.0, , ,52-80
202012220BRK,2020-21,December,22,2020,wiggian01,curryst01,oubreke01,wisemja01,pascher01,irvinky01,duranke01,harrijo01,dinwisp01,jordade01,6:42.0,Defensive rebound by S. Curry, ,52-80
202012220BRK,2020-21,December,22,2020,wiggian01,curryst01,oubreke01,wisemja01,pascher01,irvinky01,duranke01,harrijo01,dinwisp01,jordade01,6:40.0,J. Toscano-Anderson makes 2-pt layup from 2 ft (assist by S. Curry),+2,54-80
202012220BRK,2020-21,December,22,2020,wiggian01,curryst01,oubreke01,wisemja01,pascher01,irvinky01,duranke01,harrijo01,dinwisp01,jordade01,6:40.0, , ,54-80
202012220BRK,2020-21,December,22,2020,wiggian01,curryst01,oubreke01,wisemja01,pascher01,irvinky01,duranke01,harrijo01,dinwisp01,jordade01,6:22.0, , ,54-82
202012220BRK,2020-21,December,22,2020,wiggian01,curryst01,oubreke01,wisemja01,pascher01,irvinky01,duranke01,harrijo01,dinwisp01,jordade01,6:13.0,J. Toscano-Anderson makes 2-pt layup from 1 ft (assist by S. Curry),+2,56-82
202012220BRK,2020-21,December,22,2020,wiggian01,curryst01,oubreke01,wisemja01,pascher01,irvinky01,duranke01,harrijo01,dinwisp01,jordade01,5:51.0, , ,56-82
202012220BRK,2020-21,December,22,2020,wiggian01,curryst01,oubreke01,wisemja01,pascher01,irvinky01,duranke01,harrijo01,dinwisp01,jordade01,5:45.0, , ,56-82
202012220BRK,2020-21,December,22,2020,wiggian01,curryst01,oubreke01,wisemja01,pascher01,irvinky01,duranke01,harrijo01,dinwisp01,jordade01,5:40.0, , ,56-84
202012220BRK,2020-21,December,22,2020,wiggian01,curryst01,oubreke01,wisemja01,pascher01,irvinky01,duranke01,harrijo01,dinwisp01,jordade01,5:35.0,Shooting foul by S. Dinwiddie (drawn by S. Curry), ,56-84
202012220BRK,2020-21,December,22,2020,wiggian01,curryst01,oubreke01,wisemja01,pascher01,irvinky01,duranke01,harrijo01,dinwisp01,jordade01,5:35.0,S. Curry makes free throw 1 of 2,+1,57-84
202012220BRK,2020-21,December,22,2020,wiggian01,curryst01,oubreke01,wisemja01,pascher01,irvinky01,duranke01,harrijo01,dinwisp01,jordade01,5:35.0,K. Bazemore enters the game for J. Toscano-Anderson, ,57-84
202012220BRK,2020-21,December,22,2020,wiggian01,curryst01,oubreke01,wisemja01,pascher01,irvinky01,duranke01,harrijo01,dinwisp01,jordade01,5:35.0,E. Paschall enters the game for A. Wiggins, ,57-84
202012220BRK,2020-21,December,22,2020,wiggian01,curryst01,oubreke01,wisemja01,pascher01,irvinky01,duranke01,harrijo01,dinwisp01,jordade01,5:35.0, , ,57-84
202012220BRK,2020-21,December,22,2020,wiggian01,curryst01,oubreke01,wisemja01,pascher01,irvinky01,duranke01,harrijo01,dinwisp01,jordade01,5:35.0, , ,57-84
202012220BRK,2020-21,December,22,2020,wiggian01,curryst01,oubreke01,wisemja01,pascher01,irvinky01,duranke01,harrijo01,dinwisp01,jordade01,5:35.0, , ,57-84
202012220BRK,2020-21,December,22,2020,wiggian01,curryst01,oubreke01,wisemja01,pascher01,irvinky01,duranke01,harrijo01,dinwisp01,jordade01,5:35.0,S. Curry makes free throw 2 of 2,+1,58-84
202012220BRK,2020-21,December,22,2020,wiggian01,curryst01,oubreke01,wisemja01,pascher01,irvinky01,duranke01,harrijo01,dinwisp01,jordade01,5:22.0, , ,58-84
202012220BRK,2020-21,December,22,2020,wiggian01,curryst01,oubreke01,wisemja01,pascher01,irvinky01,duranke01,harrijo01,dinwisp01,jordade01,5:22.0, , ,58-85
202012220BRK,2020-21,December,22,2020,wiggian01,curryst01,oubreke01,wisemja01,pascher01,irvinky01,duranke01,harrijo01,dinwisp01,jordade01,5:22.0, , ,58-86
202012220BRK,2020-21,December,22,2020,wiggian01,curryst01,oubreke01,wisemja01,pascher01,irvinky01,duranke01,harrijo01,dinwisp01,jordade01,5:12.0,S. Curry misses 3-pt jump shot from 25 ft, ,58-86
202012220BRK,2020-21,December,22,2020,wiggian01,curryst01,oubreke01,wisemja01,pascher01,irvinky01,duranke01,harrijo01,dinwisp01,jordade01,5:08.0, , ,58-86
202012220BRK,2020-21,December,22,2020,wiggian01,curryst01,oubreke01,wisemja01,pascher01,irvinky01,duranke01,harrijo01,dinwisp01,jordade01,5:00.0, , ,58-86
202012220BRK,2020-21,December,22,2020,wiggian01,curryst01,oubreke01,wisemja01,pascher01,irvinky01,duranke01,harrijo01,dinwisp01,jordade01,5:00.0, , ,58-86
202012220BRK,2020-21,December,22,2020,wiggian01,curryst01,oubreke01,wisemja01,pascher01,irvinky01,duranke01,harrijo01,dinwisp01,jordade01,5:00.0, , ,58-86
202012220BRK,2020-21,December,22,2020,wiggian01,curryst01,oubreke01,wisemja01,pascher01,irvinky01,duranke01,harrijo01,dinwisp01,jordade01,5:00.0, , ,58-87
202012220BRK,2020-21,December,22,2020,wiggian01,curryst01,oubreke01,wisemja01,pascher01,irvinky01,duranke01,harrijo01,dinwisp01,jordade01,5:00.0, , ,58-87
202012220BRK,2020-21,December,22,2020,wiggian01,curryst01,oubreke01,wisemja01,pascher01,irvinky01,duranke01,harrijo01,dinwisp01,jordade01,4:57.0,Defensive rebound by K. Oubre, ,58-87
202012220BRK,2020-21,December,22,2020,wiggian01,curryst01,oubreke01,wisemja01,pascher01,irvinky01,duranke01,harrijo01,dinwisp01,jordade01,4:49.0,S. Curry makes 2-pt jump shot from 5 ft (assist by K. Bazemore),+2,60-87
202012220BRK,2020-21,December,22,2020,wiggian01,curryst01,oubreke01,wisemja01,pascher01,irvinky01,duranke01,harrijo01,dinwisp01,jordade01,4:38.0, , ,60-89
202012220BRK,2020-21,December,22,2020,wiggian01,curryst01,oubreke01,wisemja01,pascher01,irvinky01,duranke01,harrijo01,dinwisp01,jordade01,4:25.0,Turnover by S. Curry (bad pass; steal by C. LeVert), ,60-89
202012220BRK,2020-21,December,22,2020,wiggian01,curryst01,oubreke01,wisemja01,pascher01,irvinky01,duranke01,harrijo01,dinwisp01,jordade01,4:24.0, , ,60-89
202012220BRK,2020-21,December,22,2020,wiggian01,curryst01,oubreke01,wisemja01,pascher01,irvinky01,duranke01,harrijo01,dinwisp01,jordade01,4:24.0, , ,60-90
202012220BRK,2020-21,December,22,2020,wiggian01,curryst01,oubreke01,wisemja01,pascher01,irvinky01,duranke01,harrijo01,dinwisp01,jordade01,4:24.0, , ,60-90
202012220BRK,2020-21,December,22,2020,wiggian01,curryst01,oubreke01,wisemja01,pascher01,irvinky01,duranke01,harrijo01,dinwisp01,jordade01,4:18.0,Defensive rebound by K. Looney, ,60-90
202012220BRK,2020-21,December,22,2020,wiggian01,curryst01,oubreke01,wisemja01,pascher01,irvinky01,duranke01,harrijo01,dinwisp01,jordade01,4:05.0,K. Oubre misses 3-pt jump shot from 24 ft, ,60-90
202012220BRK,2020-21,December,22,2020,wiggian01,curryst01,oubreke01,wisemja01,pascher01,irvinky01,duranke01,harrijo01,dinwisp01,jordade01,3:59.0, , ,60-90
202012220BRK,2020-21,December,22,2020,wiggian01,curryst01,oubreke01,wisemja01,pascher01,irvinky01,duranke01,harrijo01,dinwisp01,jordade01,3:58.0, , ,60-90
202012220BRK,2020-21,December,22,2020,wiggian01,curryst01,oubreke01,wisemja01,pascher01,irvinky01,duranke01,harrijo01,dinwisp01,jordade01,3:58.0, , ,60-91
202012220BRK,2020-21,December,22,2020,wiggian01,curryst01,oubreke01,wisemja01,pascher01,irvinky01,duranke01,harrijo01,dinwisp01,jordade01,3:58.0, , ,60-92
202012220BRK,2020-21,December,22,2020,wiggian01,curryst01,oubreke01,wisemja01,pascher01,irvinky01,duranke01,harrijo01,dinwisp01,jordade01,3:49.0,Turnover by K. Bazemore (bad pass; steal by K. Durant), ,60-92
202012220BRK,2020-21,December,22,2020,wiggian01,curryst01,oubreke01,wisemja01,pascher01,irvinky01,duranke01,harrijo01,dinwisp01,jordade01,3:46.0, , ,60-92
202012220BRK,2020-21,December,22,2020,wiggian01,curryst01,oubreke01,wisemja01,pascher01,irvinky01,duranke01,harrijo01,dinwisp01,jordade01,3:46.0,Defensive rebound by Team, ,60-92
202012220BRK,2020-21,December,22,2020,wiggian01,curryst01,oubreke01,wisemja01,pascher01,irvinky01,duranke01,harrijo01,dinwisp01,jordade01,3:34.0,K. Oubre misses 3-pt jump shot from 24 ft, ,60-92
202012220BRK,2020-21,December,22,2020,wiggian01,curryst01,oubreke01,wisemja01,pascher01,irvinky01,duranke01,harrijo01,dinwisp01,jordade01,3:31.0, , ,60-92
202012220BRK,2020-21,December,22,2020,wiggian01,curryst01,oubreke01,wisemja01,pascher01,irvinky01,duranke01,harrijo01,dinwisp01,jordade01,3:17.0, , ,60-95
202012220BRK,2020-21,December,22,2020,wiggian01,curryst01,oubreke01,wisemja01,pascher01,irvinky01,duranke01,harrijo01,dinwisp01,jordade01,3:02.0,K. Looney makes 2-pt layup from 2 ft (assist by S. Curry),+2,62-95
202012220BRK,2020-21,December,22,2020,wiggian01,curryst01,oubreke01,wisemja01,pascher01,irvinky01,duranke01,harrijo01,dinwisp01,jordade01,3:02.0,Shooting foul by K. Durant (drawn by K. Looney), ,62-95
202012220BRK,2020-21,December,22,2020,wiggian01,curryst01,oubreke01,wisemja01,pascher01,irvinky01,duranke01,harrijo01,dinwisp01,jordade01,3:02.0, , ,62-95
202012220BRK,2020-21,December,22,2020,wiggian01,curryst01,oubreke01,wisemja01,pascher01,irvinky01,duranke01,harrijo01,dinwisp01,jordade01,3:02.0, , ,62-95
202012220BRK,2020-21,December,22,2020,wiggian01,curryst01,oubreke01,wisemja01,pascher01,irvinky01,duranke01,harrijo01,dinwisp01,jordade01,3:02.0,K. Looney misses free throw 1 of 1, ,62-95
202012220BRK,2020-21,December,22,2020,wiggian01,curryst01,oubreke01,wisemja01,pascher01,irvinky01,duranke01,harrijo01,dinwisp01,jordade01,2:58.0, , ,62-95
202012220BRK,2020-21,December,22,2020,wiggian01,curryst01,oubreke01,wisemja01,pascher01,irvinky01,duranke01,harrijo01,dinwisp01,jordade01,2:54.0, , ,62-95
202012220BRK,2020-21,December,22,2020,wiggian01,curryst01,oubreke01,wisemja01,pascher01,irvinky01,duranke01,harrijo01,dinwisp01,jordade01,2:54.0, , ,62-95
202012220BRK,2020-21,December,22,2020,wiggian01,curryst01,oubreke01,wisemja01,pascher01,irvinky01,duranke01,harrijo01,dinwisp01,jordade01,2:54.0, , ,62-95
202012220BRK,2020-21,December,22,2020,wiggian01,curryst01,oubreke01,wisemja01,pascher01,irvinky01,duranke01,harrijo01,dinwisp01,jordade01,2:39.0,E. Paschall makes 2-pt jump shot from 15 ft (assist by S. Curry),+2,64-95
202012220BRK,2020-21,December,22,2020,wiggian01,curryst01,oubreke01,wisemja01,pascher01,irvinky01,duranke01,harrijo01,dinwisp01,jordade01,2:20.0, , ,64-95
202012220BRK,2020-21,December,22,2020,wiggian01,curryst01,oubreke01,wisemja01,pascher01,irvinky01,duranke01,harrijo01,dinwisp01,jordade01,2:11.0,K. Looney makes 2-pt layup from 1 ft (assist by K. Bazemore),+2,66-95
202012220BRK,2020-21,December,22,2020,wiggian01,curryst01,oubreke01,wisemja01,pascher01,irvinky01,duranke01,harrijo01,dinwisp01,jordade01,1:57.0, , ,66-95
202012220BRK,2020-21,December,22,2020,wiggian01,curryst01,oubreke01,wisemja01,pascher01,irvinky01,duranke01,harrijo01,dinwisp01,jordade01,1:57.0,M. Chriss enters the game for K. Looney, ,66-95
202012220BRK,2020-21,December,22,2020,wiggian01,curryst01,oubreke01,wisemja01,pascher01,irvinky01,duranke01,harrijo01,dinwisp01,jordade01,1:57.0,A. Wiggins enters the game for K. Oubre, ,66-95
202012220BRK,2020-21,December,22,2020,wiggian01,curryst01,oubreke01,wisemja01,pascher01,irvinky01,duranke01,harrijo01,dinwisp01,jordade01,1:44.0,E. Paschall makes 3-pt jump shot from 26 ft (assist by M. Chriss),+3,69-95
202012220BRK,2020-21,December,22,2020,wiggian01,curryst01,oubreke01,wisemja01,pascher01,irvinky01,duranke01,harrijo01,dinwisp01,jordade01,1:23.0, , ,69-95
202012220BRK,2020-21,December,22,2020,wiggian01,curryst01,oubreke01,wisemja01,pascher01,irvinky01,duranke01,harrijo01,dinwisp01,jordade01,1:19.0,Defensive rebound by M. Chriss, ,69-95
202012220BRK,2020-21,December,22,2020,wiggian01,curryst01,oubreke01,wisemja01,pascher01,irvinky01,duranke01,harrijo01,dinwisp01,jordade01,1:13.0,Turnover by K. Bazemore (bad pass; steal by L. Shamet), ,69-95
202012220BRK,2020-21,December,22,2020,wiggian01,curryst01,oubreke01,wisemja01,pascher01,irvinky01,duranke01,harrijo01,dinwisp01,jordade01,1:07.0, , ,69-98
202012220BRK,2020-21,December,22,2020,wiggian01,curryst01,oubreke01,wisemja01,pascher01,irvinky01,duranke01,harrijo01,dinwisp01,jordade01,0:56.0,Turnover by S. Curry (out of bounds lost ball), ,69-98
202012220BRK,2020-21,December,22,2020,wiggian01,curryst01,oubreke01,wisemja01,pascher01,irvinky01,duranke01,harrijo01,dinwisp01,jordade01,0:46.0, , ,69-98
202012220BRK,2020-21,December,22,2020,wiggian01,curryst01,oubreke01,wisemja01,pascher01,irvinky01,duranke01,harrijo01,dinwisp01,jordade01,0:46.0, , ,69-99
202012220BRK,2020-21,December,22,2020,wiggian01,curryst01,oubreke01,wisemja01,pascher01,irvinky01,duranke01,harrijo01,dinwisp01,jordade01,0:46.0, , ,69-99
202012220BRK,2020-21,December,22,2020,wiggian01,curryst01,oubreke01,wisemja01,pascher01,irvinky01,duranke01,harrijo01,dinwisp01,jordade01,0:42.0,Defensive rebound by A. Wiggins, ,69-99
202012220BRK,2020-21,December,22,2020,wiggian01,curryst01,oubreke01,wisemja01,pascher01,irvinky01,duranke01,harrijo01,dinwisp01,jordade01,0:33.0,A. Wiggins makes 2-pt jump shot from 17 ft,+2,71-99
202012220BRK,2020-21,December,22,2020,wiggian01,curryst01,oubreke01,wisemja01,pascher01,irvinky01,duranke01,harrijo01,dinwisp01,jordade01,0:20.0, , ,71-99
202012220BRK,2020-21,December,22,2020,wiggian01,curryst01,oubreke01,wisemja01,pascher01,irvinky01,duranke01,harrijo01,dinwisp01,jordade01,0:17.0,Defensive rebound by Team, ,71-99
202012220BRK,2020-21,December,22,2020,wiggian01,curryst01,oubreke01,wisemja01,pascher01,irvinky01,duranke01,harrijo01,dinwisp01,jordade01,0:03.0,S. Curry misses 2-pt jump shot from 12 ft, ,71-99
202012220BRK,2020-21,December,22,2020,wiggian01,curryst01,oubreke01,wisemja01,pascher01,irvinky01,duranke01,harrijo01,dinwisp01,jordade01,0:00.0, , ,71-99
202012220BRK,2020-21,December,22,2020,wiggian01,curryst01,oubreke01,wisemja01,pascher01,irvinky01,duranke01,harrijo01,dinwisp01,jordade01,0:00.0,End of 3rd quarter,,
202012220BRK,2020-21,December,22,2020,wiggian01,curryst01,oubreke01,wisemja01,pascher01,irvinky01,duranke01,harrijo01,dinwisp01,jordade01,12:00.0,Start of 4th quarter,,
202012220BRK,2020-21,December,22,2020,wiggian01,curryst01,oubreke01,wisemja01,pascher01,irvinky01,duranke01,harrijo01,dinwisp01,jordade01,11:39.0, , ,71-101
202012220BRK,2020-21,December,22,2020,wiggian01,curryst01,oubreke01,wisemja01,pascher01,irvinky01,duranke01,harrijo01,dinwisp01,jordade01,11:23.0,Personal foul by L. Shamet (drawn by E. Paschall), ,71-101
202012220BRK,2020-21,December,22,2020,wiggian01,curryst01,oubreke01,wisemja01,pascher01,irvinky01,duranke01,harrijo01,dinwisp01,jordade01,11:14.0,B. Wanamaker misses 2-pt layup from 2 ft, ,71-101
202012220BRK,2020-21,December,22,2020,wiggian01,curryst01,oubreke01,wisemja01,pascher01,irvinky01,duranke01,harrijo01,dinwisp01,jordade01,11:08.0,Offensive rebound by M. Chriss, ,71-101
202012220BRK,2020-21,December,22,2020,wiggian01,curryst01,oubreke01,wisemja01,pascher01,irvinky01,duranke01,harrijo01,dinwisp01,jordade01,11:08.0,M. Chriss makes 2-pt layup at rim,+2,73-101
202012220BRK,2020-21,December,22,2020,wiggian01,curryst01,oubreke01,wisemja01,pascher01,irvinky01,duranke01,harrijo01,dinwisp01,jordade01,11:00.0, , ,73-101
202012220BRK,2020-21,December,22,2020,wiggian01,curryst01,oubreke01,wisemja01,pascher01,irvinky01,duranke01,harrijo01,dinwisp01,jordade01,10:59.0, , ,73-101
202012220BRK,2020-21,December,22,2020,wiggian01,curryst01,oubreke01,wisemja01,pascher01,irvinky01,duranke01,harrijo01,dinwisp01,jordade01,10:59.0, , ,73-103
202012220BRK,2020-21,December,22,2020,wiggian01,curryst01,oubreke01,wisemja01,pascher01,irvinky01,duranke01,harrijo01,dinwisp01,jordade01,10:59.0, , ,73-103
202012220BRK,2020-21,December,22,2020,wiggian01,curryst01,oubreke01,wisemja01,pascher01,irvinky01,duranke01,harrijo01,dinwisp01,jordade01,10:59.0, , ,73-104
202012220BRK,2020-21,December,22,2020,wiggian01,curryst01,oubreke01,wisemja01,pascher01,irvinky01,duranke01,harrijo01,dinwisp01,jordade01,10:42.0,M. Chriss misses 2-pt layup from 2 ft, ,73-104
202012220BRK,2020-21,December,22,2020,wiggian01,curryst01,oubreke01,wisemja01,pascher01,irvinky01,duranke01,harrijo01,dinwisp01,jordade01,10:42.0,Offensive rebound by Team, ,73-104
202012220BRK,2020-21,December,22,2020,wiggian01,curryst01,oubreke01,wisemja01,pascher01,irvinky01,duranke01,harrijo01,dinwisp01,jordade01,10:42.0, , ,73-104
202012220BRK,2020-21,December,22,2020,wiggian01,curryst01,oubreke01,wisemja01,pascher01,irvinky01,duranke01,harrijo01,dinwisp01,jordade01,10:32.0,M. Chriss misses 2-pt jump shot from 8 ft, ,73-104
202012220BRK,2020-21,December,22,2020,wiggian01,curryst01,oubreke01,wisemja01,pascher01,irvinky01,duranke01,harrijo01,dinwisp01,jordade01,10:29.0, , ,73-104
202012220BRK,2020-21,December,22,2020,wiggian01,curryst01,oubreke01,wisemja01,pascher01,irvinky01,duranke01,harrijo01,dinwisp01,jordade01,10:12.0, , ,73-104
202012220BRK,2020-21,December,22,2020,wiggian01,curryst01,oubreke01,wisemja01,pascher01,irvinky01,duranke01,harrijo01,dinwisp01,jordade01,10:06.0,Defensive rebound by J. Poole, ,73-104
202012220BRK,2020-21,December,22,2020,wiggian01,curryst01,oubreke01,wisemja01,pascher01,irvinky01,duranke01,harrijo01,dinwisp01,jordade01,10:03.0,Shooting foul by J. Green (drawn by B. Wanamaker), ,73-104
202012220BRK,2020-21,December,22,2020,wiggian01,curryst01,oubreke01,wisemja01,pascher01,irvinky01,duranke01,harrijo01,dinwisp01,jordade01,10:03.0,B. Wanamaker makes free throw 1 of 2,+1,74-104
202012220BRK,2020-21,December,22,2020,wiggian01,curryst01,oubreke01,wisemja01,pascher01,irvinky01,duranke01,harrijo01,dinwisp01,jordade01,10:03.0,B. Wanamaker makes free throw 2 of 2,+1,75-104
202012220BRK,2020-21,December,22,2020,wiggian01,curryst01,oubreke01,wisemja01,pascher01,irvinky01,duranke01,harrijo01,dinwisp01,jordade01,9:50.0, , ,75-104
202012220BRK,2020-21,December,22,2020,wiggian01,curryst01,oubreke01,wisemja01,pascher01,irvinky01,duranke01,harrijo01,dinwisp01,jordade01,9:46.0,Defensive rebound by M. Chriss, ,75-104
202012220BRK,2020-21,December,22,2020,wiggian01,curryst01,oubreke01,wisemja01,pascher01,irvinky01,duranke01,harrijo01,dinwisp01,jordade01,9:41.0,A. Wiggins misses 3-pt jump shot from 27 ft, ,75-104
202012220BRK,2020-21,December,22,2020,wiggian01,curryst01,oubreke01,wisemja01,pascher01,irvinky01,duranke01,harrijo01,dinwisp01,jordade01,9:38.0, , ,75-104
202012220BRK,2020-21,December,22,2020,wiggian01,curryst01,oubreke01,wisemja01,pascher01,irvinky01,duranke01,harrijo01,dinwisp01,jordade01,9:26.0, , ,75-104
202012220BRK,2020-21,December,22,2020,wiggian01,curryst01,oubreke01,wisemja01,pascher01,irvinky01,duranke01,harrijo01,dinwisp01,jordade01,9:21.0,Defensive rebound by M. Chriss, ,75-104
202012220BRK,2020-21,December,22,2020,wiggian01,curryst01,oubreke01,wisemja01,pascher01,irvinky01,duranke01,harrijo01,dinwisp01,jordade01,9:06.0,J. Poole misses 2-pt jump shot from 9 ft, ,75-104
202012220BRK,2020-21,December,22,2020,wiggian01,curryst01,oubreke01,wisemja01,pascher01,irvinky01,duranke01,harrijo01,dinwisp01,jordade01,8:59.0,Offensive rebound by M. Chriss, ,75-104
202012220BRK,2020-21,December,22,2020,wiggian01,curryst01,oubreke01,wisemja01,pascher01,irvinky01,duranke01,harrijo01,dinwisp01,jordade01,8:59.0,M. Chriss misses 2-pt layup at rim, ,75-104
202012220BRK,2020-21,December,22,2020,wiggian01,curryst01,oubreke01,wisemja01,pascher01,irvinky01,duranke01,harrijo01,dinwisp01,jordade01,8:57.0,Offensive rebound by M. Chriss, ,75-104
202012220BRK,2020-21,December,22,2020,wiggian01,curryst01,oubreke01,wisemja01,pascher01,irvinky01,duranke01,harrijo01,dinwisp01,jordade01,8:57.0,M. Chriss makes 2-pt layup at rim,+2,77-104
202012220BRK,2020-21,December,22,2020,wiggian01,curryst01,oubreke01,wisemja01,pascher01,irvinky01,duranke01,harrijo01,dinwisp01,jordade01,8:45.0, , ,77-107
202012220BRK,2020-21,December,22,2020,wiggian01,curryst01,oubreke01,wisemja01,pascher01,irvinky01,duranke01,harrijo01,dinwisp01,jordade01,8:28.0,E. Paschall misses 2-pt jump shot from 13 ft, ,77-107
202012220BRK,2020-21,December,22,2020,wiggian01,curryst01,oubreke01,wisemja01,pascher01,irvinky01,duranke01,harrijo01,dinwisp01,jordade01,8:26.0, , ,77-107
202012220BRK,2020-21,December,22,2020,wiggian01,curryst01,oubreke01,wisemja01,pascher01,irvinky01,duranke01,harrijo01,dinwisp01,jordade01,8:15.0, , ,77-109
202012220BRK,2020-21,December,22,2020,wiggian01,curryst01,oubreke01,wisemja01,pascher01,irvinky01,duranke01,harrijo01,dinwisp01,jordade01,8:05.0,M. Chriss misses 3-pt jump shot from 26 ft, ,77-109
202012220BRK,2020-21,December,22,2020,wiggian01,curryst01,oubreke01,wisemja01,pascher01,irvinky01,duranke01,harrijo01,dinwisp01,jordade01,7:58.0, , ,77-109
202012220BRK,2020-21,December,22,2020,wiggian01,curryst01,oubreke01,wisemja01,pascher01,irvinky01,duranke01,harrijo01,dinwisp01,jordade01,7:52.0, , ,77-109
202012220BRK,2020-21,December,22,2020,wiggian01,curryst01,oubreke01,wisemja01,pascher01,irvinky01,duranke01,harrijo01,dinwisp01,jordade01,7:50.0, , ,77-109
202012220BRK,2020-21,December,22,2020,wiggian01,curryst01,oubreke01,wisemja01,pascher01,irvinky01,duranke01,harrijo01,dinwisp01,jordade01,7:46.0, , ,77-109
202012220BRK,2020-21,December,22,2020,wiggian01,curryst01,oubreke01,wisemja01,pascher01,irvinky01,duranke01,harrijo01,dinwisp01,jordade01,7:46.0, , ,77-110
202012220BRK,2020-21,December,22,2020,wiggian01,curryst01,oubreke01,wisemja01,pascher01,irvinky01,duranke01,harrijo01,dinwisp01,jordade01,7:46.0,D. Lee enters the game for M. Chriss, ,77-110
202012220BRK,2020-21,December,22,2020,wiggian01,curryst01,oubreke01,wisemja01,pascher01,irvinky01,duranke01,harrijo01,dinwisp01,jordade01,7:46.0,J. Wiseman enters the game for E. Paschall, ,77-110
202012220BRK,2020-21,December,22,2020,wiggian01,curryst01,oubreke01,wisemja01,pascher01,irvinky01,duranke01,harrijo01,dinwisp01,jordade01,7:46.0, , ,77-110
202012220BRK,2020-21,December,22,2020,wiggian01,curryst01,oubreke01,wisemja01,pascher01,irvinky01,duranke01,harrijo01,dinwisp01,jordade01,7:46.0, , ,77-111
202012220BRK,2020-21,December,22,2020,wiggian01,curryst01,oubreke01,wisemja01,pascher01,irvinky01,duranke01,harrijo01,dinwisp01,jordade01,7:32.0,A. Wiggins misses 2-pt jump shot from 6 ft, ,77-111
202012220BRK,2020-21,December,22,2020,wiggian01,curryst01,oubreke01,wisemja01,pascher01,irvinky01,duranke01,harrijo01,dinwisp01,jordade01,7:31.0,Offensive rebound by J. Wiseman, ,77-111
202012220BRK,2020-21,December,22,2020,wiggian01,curryst01,oubreke01,wisemja01,pascher01,irvinky01,duranke01,harrijo01,dinwisp01,jordade01,7:31.0,Shooting foul by J. Green (drawn by J. Wiseman), ,77-111
202012220BRK,2020-21,December,22,2020,wiggian01,curryst01,oubreke01,wisemja01,pascher01,irvinky01,duranke01,harrijo01,dinwisp01,jordade01,7:31.0,J. Wiseman misses free throw 1 of 2, ,77-111
202012220BRK,2020-21,December,22,2020,wiggian01,curryst01,oubreke01,wisemja01,pascher01,irvinky01,duranke01,harrijo01,dinwisp01,jordade01,7:31.0,Offensive rebound by Team, ,77-111
202012220BRK,2020-21,December,22,2020,wiggian01,curryst01,oubreke01,wisemja01,pascher01,irvinky01,duranke01,harrijo01,dinwisp01,jordade01,7:31.0, , ,77-111
202012220BRK,2020-21,December,22,2020,wiggian01,curryst01,oubreke01,wisemja01,pascher01,irvinky01,duranke01,harrijo01,dinwisp01,jordade01,7:31.0,J. Wiseman makes free throw 2 of 2,+1,78-111
202012220BRK,2020-21,December,22,2020,wiggian01,curryst01,oubreke01,wisemja01,pascher01,irvinky01,duranke01,harrijo01,dinwisp01,jordade01,7:09.0, , ,78-111
202012220BRK,2020-21,December,22,2020,wiggian01,curryst01,oubreke01,wisemja01,pascher01,irvinky01,duranke01,harrijo01,dinwisp01,jordade01,7:04.0,Defensive rebound by D. Lee, ,78-111
202012220BRK,2020-21,December,22,2020,wiggian01,curryst01,oubreke01,wisemja01,pascher01,irvinky01,duranke01,harrijo01,dinwisp01,jordade01,6:48.0,B. Wanamaker misses 3-pt jump shot from 26 ft, ,78-111
202012220BRK,2020-21,December,22,2020,wiggian01,curryst01,oubreke01,wisemja01,pascher01,irvinky01,duranke01,harrijo01,dinwisp01,jordade01,6:46.0, , ,78-111
202012220BRK,2020-21,December,22,2020,wiggian01,curryst01,oubreke01,wisemja01,pascher01,irvinky01,duranke01,harrijo01,dinwisp01,jordade01,6:38.0, , ,78-111
202012220BRK,2020-21,December,22,2020,wiggian01,curryst01,oubreke01,wisemja01,pascher01,irvinky01,duranke01,harrijo01,dinwisp01,jordade01,6:36.0, , ,78-111
202012220BRK,2020-21,December,22,2020,wiggian01,curryst01,oubreke01,wisemja01,pascher01,irvinky01,duranke01,harrijo01,dinwisp01,jordade01,6:36.0, , ,78-111
202012220BRK,2020-21,December,22,2020,wiggian01,curryst01,oubreke01,wisemja01,pascher01,irvinky01,duranke01,harrijo01,dinwisp01,jordade01,6:36.0, , ,78-111
202012220BRK,2020-21,December,22,2020,wiggian01,curryst01,oubreke01,wisemja01,pascher01,irvinky01,duranke01,harrijo01,dinwisp01,jordade01,6:36.0,M. Mulder enters the game for A. Wiggins, ,78-111
202012220BRK,2020-21,December,22,2020,wiggian01,curryst01,oubreke01,wisemja01,pascher01,irvinky01,duranke01,harrijo01,dinwisp01,jordade01,6:36.0, , ,78-112
202012220BRK,2020-21,December,22,2020,wiggian01,curryst01,oubreke01,wisemja01,pascher01,irvinky01,duranke01,harrijo01,dinwisp01,jordade01,6:36.0, , ,78-112
202012220BRK,2020-21,December,22,2020,wiggian01,curryst01,oubreke01,wisemja01,pascher01,irvinky01,duranke01,harrijo01,dinwisp01,jordade01,6:36.0, , ,78-112
202012220BRK,2020-21,December,22,2020,wiggian01,curryst01,oubreke01,wisemja01,pascher01,irvinky01,duranke01,harrijo01,dinwisp01,jordade01,6:36.0, , ,78-113
202012220BRK,2020-21,December,22,2020,wiggian01,curryst01,oubreke01,wisemja01,pascher01,irvinky01,duranke01,harrijo01,dinwisp01,jordade01,6:21.0,D. Lee misses 2-pt jump shot from 21 ft, ,78-113
202012220BRK,2020-21,December,22,2020,wiggian01,curryst01,oubreke01,wisemja01,pascher01,irvinky01,duranke01,harrijo01,dinwisp01,jordade01,6:14.0, , ,78-113
202012220BRK,2020-21,December,22,2020,wiggian01,curryst01,oubreke01,wisemja01,pascher01,irvinky01,duranke01,harrijo01,dinwisp01,jordade01,6:09.0, , ,78-116
202012220BRK,2020-21,December,22,2020,wiggian01,curryst01,oubreke01,wisemja01,pascher01,irvinky01,duranke01,harrijo01,dinwisp01,jordade01,5:59.0,Turnover by J. Poole (bad pass), ,78-116
202012220BRK,2020-21,December,22,2020,wiggian01,curryst01,oubreke01,wisemja01,pascher01,irvinky01,duranke01,harrijo01,dinwisp01,jordade01,5:59.0, , ,78-116
202012220BRK,2020-21,December,22,2020,wiggian01,curryst01,oubreke01,wisemja01,pascher01,irvinky01,duranke01,harrijo01,dinwisp01,jordade01,5:46.0, , ,78-116
202012220BRK,2020-21,December,22,2020,wiggian01,curryst01,oubreke01,wisemja01,pascher01,irvinky01,duranke01,harrijo01,dinwisp01,jordade01,5:42.0,Defensive rebound by B. Wanamaker, ,78-116
202012220BRK,2020-21,December,22,2020,wiggian01,curryst01,oubreke01,wisemja01,pascher01,irvinky01,duranke01,harrijo01,dinwisp01,jordade01,5:35.0,M. Mulder makes 3-pt jump shot from 26 ft (assist by B. Wanamaker),+3,81-116
202012220BRK,2020-21,December,22,2020,wiggian01,curryst01,oubreke01,wisemja01,pascher01,irvinky01,duranke01,harrijo01,dinwisp01,jordade01,5:13.0, , ,81-116
202012220BRK,2020-21,December,22,2020,wiggian01,curryst01,oubreke01,wisemja01,pascher01,irvinky01,duranke01,harrijo01,dinwisp01,jordade01,5:09.0,Defensive rebound by D. Lee, ,81-116
202012220BRK,2020-21,December,22,2020,wiggian01,curryst01,oubreke01,wisemja01,pascher01,irvinky01,duranke01,harrijo01,dinwisp01,jordade01,5:05.0,M. Mulder makes 2-pt layup from 1 ft (assist by D. Lee),+2,83-116
202012220BRK,2020-21,December,22,2020,wiggian01,curryst01,oubreke01,wisemja01,pascher01,irvinky01,duranke01,harrijo01,dinwisp01,jordade01,4:53.0, , ,83-116
202012220BRK,2020-21,December,22,2020,wiggian01,curryst01,oubreke01,wisemja01,pascher01,irvinky01,duranke01,harrijo01,dinwisp01,jordade01,4:53.0, , ,83-116
202012220BRK,2020-21,December,22,2020,wiggian01,curryst01,oubreke01,wisemja01,pascher01,irvinky01,duranke01,harrijo01,dinwisp01,jordade01,4:45.0,Shooting foul by B. Brown (drawn by B. Wanamaker), ,83-116
202012220BRK,2020-21,December,22,2020,wiggian01,curryst01,oubreke01,wisemja01,pascher01,irvinky01,duranke01,harrijo01,dinwisp01,jordade01,4:45.0,B. Wanamaker misses free throw 1 of 2, ,83-116
202012220BRK,2020-21,December,22,2020,wiggian01,curryst01,oubreke01,wisemja01,pascher01,irvinky01,duranke01,harrijo01,dinwisp01,jordade01,4:45.0,Offensive rebound by Team, ,83-116
202012220BRK,2020-21,December,22,2020,wiggian01,curryst01,oubreke01,wisemja01,pascher01,irvinky01,duranke01,harrijo01,dinwisp01,jordade01,4:45.0,B. Wanamaker makes free throw 2 of 2,+1,84-116
202012220BRK,2020-21,December,22,2020,wiggian01,curryst01,oubreke01,wisemja01,pascher01,irvinky01,duranke01,harrijo01,dinwisp01,jordade01,4:30.0, , ,84-116
202012220BRK,2020-21,December,22,2020,wiggian01,curryst01,oubreke01,wisemja01,pascher01,irvinky01,duranke01,harrijo01,dinwisp01,jordade01,4:26.0,Defensive rebound by D. Lee, ,84-116
202012220BRK,2020-21,December,22,2020,wiggian01,curryst01,oubreke01,wisemja01,pascher01,irvinky01,duranke01,harrijo01,dinwisp01,jordade01,4:20.0,Turnover by J. Poole (lost ball; steal by T. Johnson), ,84-116
202012220BRK,2020-21,December,22,2020,wiggian01,curryst01,oubreke01,wisemja01,pascher01,irvinky01,duranke01,harrijo01,dinwisp01,jordade01,4:16.0, , ,84-118
202012220BRK,2020-21,December,22,2020,wiggian01,curryst01,oubreke01,wisemja01,pascher01,irvinky01,duranke01,harrijo01,dinwisp01,jordade01,4:02.0,J. Wiseman makes 3-pt jump shot from 26 ft (assist by B. Wanamaker),+3,87-118
202012220BRK,2020-21,December,22,2020,wiggian01,curryst01,oubreke01,wisemja01,pascher01,irvinky01,duranke01,harrijo01,dinwisp01,jordade01,3:47.0, , ,87-118
202012220BRK,2020-21,December,22,2020,wiggian01,curryst01,oubreke01,wisemja01,pascher01,irvinky01,duranke01,harrijo01,dinwisp01,jordade01,3:37.0,J. Wiseman makes 2-pt jump shot from 21 ft (assist by J. Poole),+2,89-118
202012220BRK,2020-21,December,22,2020,wiggian01,curryst01,oubreke01,wisemja01,pascher01,irvinky01,duranke01,harrijo01,dinwisp01,jordade01,3:24.0, , ,89-118
202012220BRK,2020-21,December,22,2020,wiggian01,curryst01,oubreke01,wisemja01,pascher01,irvinky01,duranke01,harrijo01,dinwisp01,jordade01,3:18.0,Defensive rebound by J. Wiseman, ,89-118
202012220BRK,2020-21,December,22,2020,wiggian01,curryst01,oubreke01,wisemja01,pascher01,irvinky01,duranke01,harrijo01,dinwisp01,jordade01,3:13.0,J. Wiseman makes 2-pt dunk from 1 ft (assist by J. Poole),+2,91-118
202012220BRK,2020-21,December,22,2020,wiggian01,curryst01,oubreke01,wisemja01,pascher01,irvinky01,duranke01,harrijo01,dinwisp01,jordade01,3:00.0, , ,91-118
202012220BRK,2020-21,December,22,2020,wiggian01,curryst01,oubreke01,wisemja01,pascher01,irvinky01,duranke01,harrijo01,dinwisp01,jordade01,2:57.0, , ,91-118
202012220BRK,2020-21,December,22,2020,wiggian01,curryst01,oubreke01,wisemja01,pascher01,irvinky01,duranke01,harrijo01,dinwisp01,jordade01,2:54.0, , ,91-118
202012220BRK,2020-21,December,22,2020,wiggian01,curryst01,oubreke01,wisemja01,pascher01,irvinky01,duranke01,harrijo01,dinwisp01,jordade01,2:47.0, , ,91-118
202012220BRK,2020-21,December,22,2020,wiggian01,curryst01,oubreke01,wisemja01,pascher01,irvinky01,duranke01,harrijo01,dinwisp01,jordade01,2:47.0, , ,91-120
202012220BRK,2020-21,December,22,2020,wiggian01,curryst01,oubreke01,wisemja01,pascher01,irvinky01,duranke01,harrijo01,dinwisp01,jordade01,2:33.0,D. Lee makes 3-pt jump shot from 26 ft (assist by J. Poole),+3,94-120
202012220BRK,2020-21,December,22,2020,wiggian01,curryst01,oubreke01,wisemja01,pascher01,irvinky01,duranke01,harrijo01,dinwisp01,jordade01,2:20.0, , ,94-120
202012220BRK,2020-21,December,22,2020,wiggian01,curryst01,oubreke01,wisemja01,pascher01,irvinky01,duranke01,harrijo01,dinwisp01,jordade01,2:20.0,Golden State full timeout, ,94-120
202012220BRK,2020-21,December,22,2020,wiggian01,curryst01,oubreke01,wisemja01,pascher01,irvinky01,duranke01,harrijo01,dinwisp01,jordade01,2:07.0, , ,94-120
202012220BRK,2020-21,December,22,2020,wiggian01,curryst01,oubreke01,wisemja01,pascher01,irvinky01,duranke01,harrijo01,dinwisp01,jordade01,1:57.0,Defensive rebound by M. Mulder, ,94-120
202012220BRK,2020-21,December,22,2020,wiggian01,curryst01,oubreke01,wisemja01,pascher01,irvinky01,duranke01,harrijo01,dinwisp01,jordade01,1:54.0,J. Wiseman makes 2-pt jump shot from 23 ft,+2,96-120
202012220BRK,2020-21,December,22,2020,wiggian01,curryst01,oubreke01,wisemja01,pascher01,irvinky01,duranke01,harrijo01,dinwisp01,jordade01,1:42.0, , ,96-120
202012220BRK,2020-21,December,22,2020,wiggian01,curryst01,oubreke01,wisemja01,pascher01,irvinky01,duranke01,harrijo01,dinwisp01,jordade01,1:39.0,Defensive rebound by D. Lee, ,96-120
202012220BRK,2020-21,December,22,2020,wiggian01,curryst01,oubreke01,wisemja01,pascher01,irvinky01,duranke01,harrijo01,dinwisp01,jordade01,1:30.0,J. Wiseman misses 2-pt jump shot from 15 ft, ,96-120
202012220BRK,2020-21,December,22,2020,wiggian01,curryst01,oubreke01,wisemja01,pascher01,irvinky01,duranke01,harrijo01,dinwisp01,jordade01,1:26.0, , ,96-120
202012220BRK,2020-21,December,22,2020,wiggian01,curryst01,oubreke01,wisemja01,pascher01,irvinky01,duranke01,harrijo01,dinwisp01,jordade01,1:21.0, , ,96-123
202012220BRK,2020-21,December,22,2020,wiggian01,curryst01,oubreke01,wisemja01,pascher01,irvinky01,duranke01,harrijo01,dinwisp01,jordade01,1:08.0,J. Poole misses 3-pt jump shot from 25 ft, ,96-123
202012220BRK,2020-21,December,22,2020,wiggian01,curryst01,oubreke01,wisemja01,pascher01,irvinky01,duranke01,harrijo01,dinwisp01,jordade01,1:08.0, , ,96-123
202012220BRK,2020-21,December,22,2020,wiggian01,curryst01,oubreke01,wisemja01,pascher01,irvinky01,duranke01,harrijo01,dinwisp01,jordade01,0:49.0, , ,96-123
202012220BRK,2020-21,December,22,2020,wiggian01,curryst01,oubreke01,wisemja01,pascher01,irvinky01,duranke01,harrijo01,dinwisp01,jordade01,0:47.0, , ,96-123
202012220BRK,2020-21,December,22,2020,wiggian01,curryst01,oubreke01,wisemja01,pascher01,irvinky01,duranke01,harrijo01,dinwisp01,jordade01,0:47.0, , ,96-125
202012220BRK,2020-21,December,22,2020,wiggian01,curryst01,oubreke01,wisemja01,pascher01,irvinky01,duranke01,harrijo01,dinwisp01,jordade01,0:38.0,Shooting foul by T. Luwawu-Cabarrot (drawn by J. Wiseman), ,96-125
202012220BRK,2020-21,December,22,2020,wiggian01,curryst01,oubreke01,wisemja01,pascher01,irvinky01,duranke01,harrijo01,dinwisp01,jordade01,0:38.0,J. Wiseman misses free throw 1 of 2, ,96-125
202012220BRK,2020-21,December,22,2020,wiggian01,curryst01,oubreke01,wisemja01,pascher01,irvinky01,duranke01,harrijo01,dinwisp01,jordade01,0:38.0,Offensive rebound by Team, ,96-125
202012220BRK,2020-21,December,22,2020,wiggian01,curryst01,oubreke01,wisemja01,pascher01,irvinky01,duranke01,harrijo01,dinwisp01,jordade01,0:38.0,J. Wiseman misses free throw 2 of 2, ,96-125
202012220BRK,2020-21,December,22,2020,wiggian01,curryst01,oubreke01,wisemja01,pascher01,irvinky01,duranke01,harrijo01,dinwisp01,jordade01,0:35.0, , ,96-125
202012220BRK,2020-21,December,22,2020,wiggian01,curryst01,oubreke01,wisemja01,pascher01,irvinky01,duranke01,harrijo01,dinwisp01,jordade01,0:30.0, , ,96-125
202012220BRK,2020-21,December,22,2020,wiggian01,curryst01,oubreke01,wisemja01,pascher01,irvinky01,duranke01,harrijo01,dinwisp01,jordade01,0:10.0,J. Wiseman misses 2-pt jump shot from 9 ft, ,96-125
202012220BRK,2020-21,December,22,2020,wiggian01,curryst01,oubreke01,wisemja01,pascher01,irvinky01,duranke01,harrijo01,dinwisp01,jordade01,0:08.0,Offensive rebound by D. Lee, ,96-125
202012220BRK,2020-21,December,22,2020,wiggian01,curryst01,oubreke01,wisemja01,pascher01,irvinky01,duranke01,harrijo01,dinwisp01,jordade01,0:07.0,M. Mulder makes 3-pt jump shot from 26 ft (assist by D. Lee),+3,99-125
202012220BRK,2020-21,December,22,2020,wiggian01,curryst01,oubreke01,wisemja01,pascher01,irvinky01,duranke01,harrijo01,dinwisp01,jordade01,0:00.0,End of 4th quarter,,
